ID,Class,and,jns,popa,jnp,rol,popf,sal,int,jnz,pushf,imul,pop,pusha,jnb,rcr,in,sar,ror,jno,out,jg,xor,sub,cld,neg,jge,idiv,clc,rcl,add,call,adc,xchg,mul,inc,cwd,ret,lea,jz,jmp,jp,mov,js,sbb,jo,not,je,jle,cwde,nop,ja,jb,cli,std,jl,shr,stc,cmc,sti,jecxz,jbe,push,div,dec,shl,or,cmp,00,??,.bss,.data,.edata,.idata,.rdata,.reloc,.rsrc,.text,.tls,BSS,CODE,DATA,HEADER,LOC-asm,LOC-byte,fileSize-asm,fileSize-byte
Jd1mD8obKMOwqBgXjRut,2,122,20,1,0,0,1,0,22,35,1,2,78,1,8,2,198,16,13,0,0,16,54,91,0,4,14,0,0,0,69,56,0,0,12,58,0,48,96,38,50,0,537,0,5,0,29,9,0,0,0,1,13,0,1,25,10,0,0,0,0,1,130,3,42,47,1002,97,199981,5548,0,24911,0,650,24507,0,0,113037,0,0,0,0,0,163105,141824,16486283,8225792
92R3zY7inOXqDJtGApdf,3,11,0,1,0,0,0,0,0,2,0,0,131,1,0,0,25,0,3,0,0,0,44,121,0,0,0,0,0,0,103,155,2,1,0,0,0,26,16,0,0,0,91,0,5,0,1,3,0,0,0,1,3,0,0,0,0,0,0,0,0,3,213,0,2,0,169,4,168369,1496220,0,1022,0,182,217,0,3,1367,0,0,0,0,17,2808,146688,147596,8507904
jvGIm6Yu2XKcE8hr4gMy,3,12,0,1,0,0,0,0,0,13,0,0,169,1,0,0,18,0,3,0,0,0,10,122,0,0,0,0,0,0,187,171,5,1,0,1,0,46,40,1,0,0,147,0,4,0,1,4,0,0,0,1,1,0,0,0,0,0,0,0,0,0,354,0,1,0,183,3,168200,1490588,0,1004,0,139,219,0,3,1960,0,0,0,0,19,3344,146432,177812,8493056
0pER9ak46CKVjPoqGLcD,3,12,0,1,0,0,0,0,3,4,0,0,177,1,0,0,15,0,6,0,0,0,11,164,0,0,0,0,0,0,212,179,16,0,0,1,0,46,42,4,0,0,127,0,8,0,1,0,0,0,28,2,1,0,0,0,0,0,0,0,0,0,352,0,1,0,174,7,167960,1490076,0,995,0,162,212,0,3,1949,0,0,0,0,19,3340,146432,177020,8493056
ILkqxFMRCnTa465lyJtG,3,12,0,1,0,3,0,0,0,3,0,0,93,1,0,0,19,0,3,0,0,1,41,70,0,0,0,0,0,0,65,121,2,1,0,0,0,16,13,0,0,0,59,0,1,0,1,3,0,0,0,0,1,0,0,0,0,0,0,0,0,0,130,0,2,0,151,0,167390,1498268,0,1020,0,184,219,0,3,968,0,0,0,0,17,2411,146688,126340,8507904
HBoK6P8VSAEZhR5z4Qq2,3,8,0,1,0,3,0,0,0,1,0,0,89,1,0,0,28,0,3,0,0,0,44,80,0,0,0,0,0,0,64,119,4,1,0,0,0,16,12,1,0,0,58,0,0,0,1,3,0,0,0,1,1,0,0,0,0,0,0,0,0,1,124,0,2,0,149,3,167375,1498268,0,1025,0,178,218,0,3,970,0,0,0,0,17,2411,146688,126476,8507904
BiHmc5bPMrnvClfgEw3h,2,156,20,1,0,6,1,0,25,39,1,14,188,1,16,2,210,18,15,0,0,16,125,272,0,8,14,0,0,0,127,160,0,0,36,59,0,85,166,75,91,0,1184,0,5,0,28,8,1,0,1,3,55,0,1,27,30,0,0,0,0,9,281,20,45,47,1359,151,402379,8492,0,4382,0,617,3831819,0,0,5682,0,0,0,0,0,3842500,243968,144880668,14150144
8UGK0mbY3De124d7wizL,3,9,0,1,0,0,0,0,0,4,0,0,127,1,0,0,25,0,3,0,0,0,46,121,0,0,0,0,0,0,105,157,6,1,0,0,0,26,21,2,1,0,94,0,3,0,1,3,0,0,0,1,3,0,0,0,0,0,0,0,0,1,208,0,2,0,172,4,167993,1492124,0,1013,0,184,217,0,3,1364,0,0,0,0,17,2798,146432,147048,8493056
2ctFLBsIi5wEPAuXKxZv,2,298,42,0,0,20,23,3,28,358,23,43,710,0,60,0,310,42,19,0,1,47,462,748,17,19,29,3,0,0,479,424,0,0,166,164,2,421,482,442,395,0,3010,0,14,0,34,8,15,2,16,15,145,0,11,75,55,0,0,0,0,30,1179,11,103,98,3040,615,148375,10092,0,30932,0,348,863798,0,0,18130,0,0,0,0,0,913208,76609,34929929,4443284
1IbqA5sdXj3P0CMOGmiE,2,48,1,0,0,2,0,0,15,106,0,3,213,0,6,0,208,12,21,0,0,15,96,139,0,2,10,1,0,0,211,319,0,0,4,59,0,73,350,120,50,0,1326,0,2,2,1,20,19,0,4,3,29,0,0,46,4,0,0,0,0,16,240,3,5,7,1084,188,9875,45520,0,460,0,446,1429,0,0,6399,0,0,0,0,0,8734,4352,523560,252416
0p8RCBnvzTYMlId9SoZL,3,8,0,1,0,0,0,0,0,3,0,0,128,1,0,0,25,0,3,0,0,0,49,120,0,0,0,0,0,0,104,157,6,1,0,0,0,26,19,2,1,0,87,0,1,0,1,3,0,0,0,1,2,0,0,0,0,0,0,0,0,1,201,0,2,0,190,4,168343,1496220,0,1026,0,182,217,0,3,1362,0,0,0,0,17,2807,146688,148022,8507904
g3dlXOYBtjPK816xEhHD,2,54,1,1,0,1,1,0,26,111,0,6,392,1,5,2,329,3,24,0,0,23,154,190,0,3,18,2,0,0,141,444,1,0,16,61,0,78,418,151,105,0,1375,0,4,3,11,18,14,0,0,5,26,0,3,38,4,0,0,0,0,12,672,6,22,5,1503,267,19766,43508,0,3301,0,522,5284,0,0,8518,0,0,0,0,0,17625,7168,960706,415744
aFBIk7spXrjZdchgzqvn,3,16,0,0,0,0,0,0,0,5,0,0,166,1,0,0,20,0,7,0,0,0,9,169,0,0,0,0,0,0,121,168,10,0,0,1,0,55,51,1,1,0,196,0,5,0,1,0,0,0,0,1,4,0,0,0,0,0,0,0,0,3,343,0,2,0,142,7,223190,1517724,0,1055,0,0,1501,0,3,2149,0,0,0,0,17,4725,195328,225737,11329024
dTXrc1bIeKlym3ZJwx27,3,10,0,1,0,0,0,0,0,7,0,0,163,1,0,0,16,0,3,0,0,0,14,114,0,0,0,0,0,0,190,169,7,0,0,1,0,46,33,4,0,0,145,0,6,0,1,3,0,0,0,1,0,0,0,0,0,0,0,0,0,0,354,0,1,0,190,5,168094,1490076,0,1043,0,142,212,0,3,1922,0,0,0,0,19,3341,146432,178105,8493056
ATVo94avrEyjnexXU8W7,3,14,0,1,0,2,0,0,0,0,0,0,98,1,0,0,16,0,3,0,0,1,21,108,0,0,0,0,0,0,46,75,1,0,0,0,0,21,17,1,14,0,65,0,1,0,1,3,0,0,0,0,2,0,0,0,0,0,0,0,0,0,174,0,2,0,159,2,167898,1497244,0,1025,0,134,219,0,3,1114,0,0,0,0,17,2512,146688,132622,8507904
e9aloKnLSh8JGDjQ2B0T,3,30,0,0,0,0,0,0,0,8,0,0,309,1,0,0,22,0,13,0,0,0,10,306,0,0,0,0,0,0,130,301,8,1,0,4,0,62,43,0,115,0,212,0,6,0,1,0,0,0,0,1,6,0,0,0,0,0,0,0,0,4,480,0,1,0,236,8,163121,1550492,0,783909,0,125,598,0,0,3452,0,0,0,0,17,788101,146432,34290107,8493056
DFr5Nd2AcVO4gypS9nLT,2,194,20,1,0,2,9,0,21,53,9,73,263,1,25,2,165,18,10,0,0,17,156,589,14,6,14,0,0,0,403,254,1,0,108,61,0,237,264,89,88,2,2694,0,5,0,74,4,0,0,9,11,140,0,6,25,19,0,0,0,0,19,346,20,43,73,2041,277,203736,11872,0,2118365,0,475,27708,0,0,10987,0,0,0,0,0,2157535,139776,92796869,8107008
d1NogDxXBb0jsyQnSUZE,2,152,0,1,0,4,1,0,13,35,1,29,223,1,18,2,86,15,10,0,0,0,100,411,0,11,0,0,0,0,215,225,0,0,73,18,0,114,178,70,48,0,1718,0,10,0,28,2,0,0,5,5,77,0,1,1,43,0,0,0,0,18,292,27,16,16,1127,135,186143,8476,0,3765,0,298,1626362,0,0,6175,0,0,0,0,0,1636600,105472,61383703,6117376
CezT83xEW279v4DBZUjN,3,15,0,1,0,0,0,0,2,8,0,0,141,1,0,0,28,0,16,0,0,0,8,136,0,0,0,0,0,0,102,136,2,0,0,1,0,46,37,3,0,0,143,0,5,0,1,0,0,0,1,1,3,0,0,0,0,0,0,0,0,1,271,0,1,0,177,7,168044,1491612,0,1043,0,127,211,0,3,1694,0,0,0,0,17,3095,146432,164408,8493056
JokgKM4C3RYe0Atmv7j9,3,29,0,0,0,0,0,0,0,10,0,0,274,1,0,0,22,0,7,0,0,0,13,229,0,0,0,0,0,0,120,274,4,1,0,2,0,163,56,3,0,0,200,0,9,0,1,0,0,0,1,1,4,0,0,0,0,0,0,0,0,1,552,0,1,0,227,8,163135,1550492,0,783908,0,126,592,0,0,3306,0,0,0,0,19,787951,146432,34287387,8493056
dQNpqtaDIbLOPH51lkMw,2,257,22,1,0,4,29,1,21,253,29,28,631,1,59,2,453,38,16,0,0,51,457,764,29,27,34,0,0,0,662,343,1,1,70,349,0,343,345,249,230,2,4492,0,16,0,53,3,43,0,8,28,193,0,12,105,93,0,0,0,0,67,886,28,128,118,2795,586,190481,11584,0,26702,0,329,55738,0,0,105823,0,0,0,0,0,188592,122112,15832271,7082496
4m1Gsx5JvMFgATY7LOz0,3,11,0,1,0,3,0,0,0,3,0,0,96,1,0,0,20,0,3,0,0,1,48,74,0,0,0,0,0,0,65,127,1,1,0,0,0,16,11,0,0,0,65,0,1,0,1,3,0,0,0,0,2,0,0,0,0,0,0,0,0,1,136,0,2,0,152,1,167452,1498268,0,1026,0,186,219,0,3,998,0,0,0,0,17,2449,146688,128429,8507904
jWmfFxRVEBrXIGNt1PSo,2,268,23,1,0,2,765,1,40,230,764,3065,1552,1,24,0,575,28,23,0,1,59,3423,553,0,5,46,2,0,0,399,659,2,4584,6130,297,0,125,547,231,208,1,10719,3,4,3,33,8,48,0,6112,19,58,0,4,122,113,1,0,0,0,11,1891,9,114,110,5560,493,33240,19420,0,6387,0,496,21245,0,0,44501,0,0,0,0,0,72629,12288,3461800,712704
Frgfw47IkyO3ZBXlsQWc,3,26,0,0,0,0,0,0,0,9,0,0,175,1,0,0,9,0,9,0,0,0,9,153,0,0,0,0,0,0,124,168,12,1,0,0,0,55,58,2,0,0,189,0,4,0,1,0,0,0,0,1,3,0,0,0,0,0,0,0,0,1,356,0,2,0,143,6,216309,2320028,0,1055,0,0,1500,0,3,2173,0,0,0,0,17,4748,195328,227878,11329024
aI5RJnpEKd7Or3VYB4Zc,3,9,0,1,0,0,0,0,0,5,0,0,172,1,0,0,14,0,6,0,0,0,11,122,0,0,0,0,0,0,189,171,6,0,0,1,0,46,32,1,0,0,156,0,5,0,1,0,0,0,0,1,4,0,0,2,0,0,0,0,0,2,372,0,1,0,177,7,167938,1489564,0,993,0,145,211,0,3,1963,0,0,0,0,19,3334,146432,178335,8493056
feZ7xu3wlJWDkongUBiI,3,12,0,1,0,2,0,0,0,2,0,0,75,1,0,0,14,0,2,0,0,1,16,80,0,0,0,0,0,0,36,58,2,1,0,1,0,16,12,1,12,0,58,0,3,0,1,0,0,0,0,0,2,0,0,0,0,0,0,0,0,0,143,0,2,0,146,2,168245,1497244,0,1024,0,127,220,0,3,940,0,0,0,0,17,2331,146688,123296,8507904
i5qAV936TsMzYyWbw0HX,2,283,42,0,0,20,23,3,28,358,23,48,701,0,57,0,311,42,19,0,1,47,444,738,18,19,29,3,0,0,467,424,0,0,161,163,2,421,482,436,391,0,2978,0,14,0,36,8,15,2,19,18,151,0,12,75,45,0,0,0,0,33,1177,6,94,98,3050,620,132317,10164,0,30889,0,353,859602,0,0,17963,0,0,0,0,0,908807,76104,35792482,4414006
IWryLwtbuK13OsG04Tzl,2,169,20,1,0,8,9,0,22,59,9,35,256,1,26,2,177,17,19,0,0,17,134,406,10,6,14,0,0,0,296,194,1,0,64,59,0,206,233,84,88,2,1928,0,5,0,52,9,0,0,17,8,120,0,4,26,15,0,0,0,0,19,319,19,43,61,1748,258,192258,10412,0,2122289,0,512,27641,0,0,9140,0,0,0,0,0,2159582,139520,91818165,8092160
8j2uhZyFl6XGkCoixABY,3,11,0,1,0,2,0,0,0,3,0,0,80,1,0,0,14,0,3,0,0,1,20,78,0,0,0,0,0,0,36,60,2,1,0,1,0,16,14,0,13,0,57,0,3,0,1,0,0,0,0,0,3,0,0,0,0,0,0,0,0,1,146,0,2,0,147,3,168110,1497244,0,1017,0,133,220,0,3,977,0,0,0,0,17,2367,146688,124903,8507904
5edMuN6aRW8wUFPLQnqt,3,12,0,1,0,0,0,0,0,7,0,0,107,1,0,0,18,0,5,0,0,0,10,107,0,0,0,0,0,0,77,108,5,0,0,1,0,36,28,0,0,0,130,0,5,0,1,0,0,0,0,1,3,0,0,0,0,0,0,0,0,1,218,0,1,0,107,5,222279,1520796,0,1056,0,0,1495,0,3,1437,0,0,0,0,17,4008,195328,188256,11329024
9yRz8iAj15I2ueLm4PtW,2,72,0,0,0,0,0,0,5,105,0,19,164,0,15,4,90,11,12,0,0,5,23,202,0,2,2,0,0,0,121,116,0,1,34,30,0,74,177,59,53,0,1296,0,5,1,38,2,1,0,3,8,27,0,1,8,29,0,0,0,0,12,224,8,53,43,871,144,50959,4428,0,446406,0,278,17066,0,0,4690,0,0,0,0,0,468440,31232,20241781,1811456
1x3vgOGJuyRpnhfU52m8,3,21,0,1,0,3,0,0,0,8,0,0,249,1,0,0,21,0,3,0,0,1,53,260,0,0,0,0,0,0,133,222,8,1,0,1,0,101,40,1,1,0,195,0,5,0,1,0,0,0,0,0,4,0,0,0,0,0,0,0,0,1,566,0,2,0,260,4,167449,1493148,0,1044,0,178,2003,0,3,2570,0,0,0,0,17,5815,146688,275463,8507904
BjL7pyHh31cqui4UA8Ge,2,256,40,0,0,17,0,3,28,318,0,75,480,0,41,0,309,32,14,0,1,44,404,509,0,12,28,0,0,0,213,335,0,0,79,167,0,345,431,407,352,0,2319,0,9,0,35,8,9,0,1,10,90,0,1,60,36,1,0,0,0,15,905,2,88,85,2427,487,146558,9816,0,838563,0,417,39607,0,0,14157,0,0,0,0,0,892744,75347,38182276,4370100
dclwUqBMsAQPvHS9KzpE,2,215,22,1,0,4,31,1,26,85,31,37,435,1,38,6,181,40,21,0,1,25,234,545,10,16,20,0,0,0,385,275,3,4,63,73,0,291,254,136,120,2,2429,0,15,0,49,2,8,0,31,11,126,0,9,46,34,0,0,0,0,28,589,20,50,61,2033,303,218755,10052,0,26627,0,332,54584,0,0,119261,0,0,0,0,0,200804,145664,17929558,8448512
KFNC4Dl2LmXM0u8iAdYT,2,132,20,1,0,11,1,0,17,42,1,17,168,1,16,2,201,20,23,0,0,16,102,270,0,8,14,0,0,0,134,165,0,0,36,69,0,76,174,75,91,0,1288,0,5,0,34,6,1,0,2,3,57,0,1,27,27,0,0,0,0,9,250,18,44,47,1383,160,314743,6376,0,4330,0,581,2846530,0,0,5773,0,0,0,0,0,2857214,182272,106895184,10571776
JatHiWwG3Amc6VTXuSqC,1,72,0,0,0,5,0,0,7,151,1,1,275,1,5,2,159,10,0,0,2,11,183,375,0,10,9,0,0,1,67,363,0,0,10,79,0,129,246,224,147,0,1021,0,10,4,5,3,4,0,0,13,50,0,0,57,4,0,0,3,0,33,606,6,18,6,6701,304,33997,11056,0,1083,0,301,0,3,3,18233,0,0,0,0,19,19642,15872,1503213,920576
FOijJzZuSwWcCkbHEgTx,2,147,20,1,0,4,9,0,19,56,9,37,225,1,28,2,175,17,11,0,0,16,103,291,6,4,14,0,0,0,185,162,0,0,59,57,0,105,198,62,76,0,1488,0,5,0,42,8,0,0,13,11,101,0,10,25,14,0,0,0,0,24,297,5,45,51,1523,232,200623,10440,0,2272309,0,538,27569,0,0,6527,0,0,0,0,0,2306943,148224,98418001,8596992
IMx1nqKaWEz6UdVsuewA,2,154,20,1,0,2,1,0,19,46,1,15,171,1,16,2,208,21,12,0,0,16,107,249,0,8,14,0,0,0,116,154,0,0,35,59,0,78,164,66,86,0,1194,0,5,0,26,9,1,0,1,3,58,0,1,27,25,0,0,0,0,9,261,10,44,49,1427,168,324521,7572,0,4360,0,680,3093286,0,0,5498,0,0,0,0,0,3103824,197888,116521320,11477504
av7Nljxu5MQ3q1b9roUk,2,1015,43,1,0,18,786,4,72,1064,786,28347,2229,1,123,0,1070,102,34,0,4,159,943,1364,14148,28,106,2,0,0,1083,1373,19,0,51933,628,0,689,940,981,1286,1,65562,0,30,3,48,26,58,0,0,50,141,0,33804,177,218,2,0,0,0,63,3508,14,261,273,8144,1909,72840,19016,0,5439,0,605,23425,0,0,200491,0,0,0,0,0,229960,35072,11054968,2034176
e0okgCIVZru7T1Av5qz6,2,128,20,1,0,14,7,0,16,41,1,18,194,1,9,25,150,16,26,0,0,16,82,125,3,4,14,0,3,0,88,75,1,6,39,61,0,119,111,65,79,0,675,0,85,0,25,3,0,0,6,1,13,0,1,25,27,0,0,0,0,1,171,24,57,46,1006,118,164443,10160,0,24915,0,383,24035,0,0,105865,0,0,0,0,0,155198,122368,14618968,7097344
9bj5QR2oHpZd7KiCGxFP,2,283,42,0,0,20,23,3,28,358,23,44,712,0,60,0,311,42,23,0,1,47,453,740,8,19,29,3,0,0,470,428,0,0,161,166,2,420,478,437,388,0,2978,0,14,0,34,8,15,2,18,17,145,0,9,75,49,0,0,0,0,33,1193,8,91,98,3039,613,135767,10148,0,30894,0,346,863766,0,0,18021,0,0,0,0,0,913027,76615,34487156,4443644
0YRDpBU67WrqEugkXlnd,1,1559,26,0,0,351,2,0,739,4026,5,31,5720,1,77,4,3898,90,106,0,56,119,2732,5343,9,69,60,2,0,1,4511,9020,2,0,46,485,0,2742,1138,5197,1377,6,31434,10,43,19,1396,163,62,0,13,208,231,0,4310,153,141,3,0,64,0,87,20958,27,264,127,30227,2309,83497,12696,0,13114,0,422,21835,3,3,175395,0,0,0,0,19,210791,50432,13684818,2925056
4l7o0adxGiDvStmFVnzb,1,912,6,0,0,11,0,0,100,1250,1,68,2357,1,64,0,1148,34,118,0,4,180,900,499,0,70,118,5,0,1,1094,1016,2,1,76,448,0,738,2789,2114,1356,0,11213,5,71,1,13,504,68,0,0,65,400,0,0,339,61,0,0,33,0,247,5327,13,419,133,11171,2537,71078,832,0,4753,0,857,0,3,3,76183,0,0,0,0,19,81818,20480,5607690,1187840
dCgw930c1Ztmr4XNsVH6,1,156,0,0,0,0,0,0,18,719,1,38,1364,1,84,0,401,87,2,0,1,1,466,2048,0,21,0,0,0,0,1132,1132,0,0,56,5,0,618,1290,670,552,0,7499,2,3,0,4,294,10,0,13,16,149,0,210,10,46,0,0,2,0,59,3112,5,8,7,4318,1148,55051,384,0,1346,0,363,7189,3,3,36130,0,0,0,0,19,45053,13568,2651149,786944
DoVLn5KN3BZeMrzPCmhT,9,257,0,0,0,0,0,1,8,80,0,522,378,0,0,0,118,59,13,0,1,147,324,1007,0,5,144,0,0,0,460,440,1,0,523,6,0,170,185,205,340,0,2335,0,0,0,16,5,182,0,0,0,0,0,3,192,3,0,0,0,0,0,1367,1,3,54,3754,485,96917,4440,0,148798,0,354,467,0,0,12055,0,0,0,0,20,161694,13312,7031553,772096
D4HgKrPeUyIlGFMv1tVR,9,83,0,0,0,2,0,0,2,52,0,0,97,0,0,0,31,0,4,0,0,0,132,531,0,0,0,0,0,0,255,162,132,0,0,0,0,57,157,60,2,0,399,0,90,0,1,4,4,0,0,98,5,0,0,151,0,0,0,0,0,0,544,2,0,0,1415,183,179043,296,0,195,0,198,1141,0,0,70622,0,0,0,0,18,72174,83200,8991784,4825600
e3cvTitaVJmhGKBX6xyO,1,676,4,0,0,4,0,1,65,1125,0,24,2052,1,58,4,1690,81,18,0,2,119,833,4431,9,92,89,5,0,1,765,4679,3,2,33,433,0,873,3926,1642,959,0,10297,9,91,3,28,52,104,0,2,40,154,0,9,333,125,0,0,1,1,70,5706,13,195,70,9679,2324,75670,5056,0,12902,0,973,2568,0,3,65400,0,0,0,0,19,81865,21504,4447677,1247232
h08Yo3NOLxdpHgMG5zB6,9,273,0,0,0,42,0,4,82,115,0,90,400,0,0,0,504,17,23,0,27,357,367,1547,0,6,343,0,0,0,659,723,0,0,90,7,8,315,391,494,1658,0,4684,0,3,5,1,43,316,0,0,0,0,0,14,330,2,0,0,10,0,0,1551,33,37,148,7530,711,123118,5544,0,169331,0,3304,5024,0,0,21082,0,0,0,0,18,198759,17152,9002021,994816
i2Jkh6cyaOwnjltg5VN8,9,15,0,0,0,0,0,0,9,31,0,0,96,0,8,0,34,4,4,0,1,2,22,236,5,0,1,0,1,0,154,259,8,2,0,12,0,117,101,26,10,0,857,0,1,1,2,10,1,0,0,2,5,1,2,1,0,1,0,1,0,0,607,2,11,3,488,51,29324,13564,17,49170,0,394,0,0,0,4503,0,0,0,0,18,109817,8960,4812931,519680
iQWgy9NUjVlnaJrCG4MT,8,56,0,0,0,0,0,0,3,37,0,37,43,0,5,0,28,0,1,0,0,0,136,182,0,7,0,0,0,0,179,29,85,2,41,20,0,26,41,34,23,0,1063,0,58,1,19,2,0,0,0,8,23,0,0,0,0,0,0,0,0,1,94,15,18,12,972,75,27497,63540,0,3955,0,62,0,3,3,3992,0,0,0,0,20,148748,16384,6631122,950272
1LE6uK9BdgNXIcSTnrMJ,1,398,10,0,4,7,0,0,47,751,0,15,1109,1,50,0,1107,29,13,0,14,64,645,1839,0,57,53,7,0,0,440,2239,0,1,25,234,1,1098,1366,1081,852,3,5725,4,38,2,7,60,49,1,0,26,89,0,10,149,25,0,0,2,0,46,4450,13,72,48,6289,1284,62664,1320,0,1552,0,1156,6340,3,3,38669,0,0,0,0,19,47742,18688,2728169,1083904
6QxDV7wqj0SEsmWHzuNp,1,328,7,0,0,51,0,0,29,718,0,13,1181,1,84,2,427,50,34,0,0,65,392,2013,12,31,39,1,0,0,637,1516,3,3,23,312,0,610,768,924,669,0,5160,10,23,0,26,8,45,0,4,32,251,0,11,84,72,0,0,0,1,46,2085,6,145,49,5114,1344,55237,8632,0,3430,0,452,5024,3,3,31859,0,0,0,0,19,40790,12800,2252351,742400
AKWdwnF1IHTGZujOki2N,8,90,1,1,0,3,0,0,6,66,2,2,26,1,15,1,30,19,2,0,4,9,14,465,1,0,4,2,1,0,422,203,3,6,2,8,0,30,18,78,69,3,2570,0,8,0,1,2,5,0,1,1,6,2,2,10,2,1,1,2,0,4,134,4,7,31,1938,185,28086,9008,92,4595,0,206,0,0,3,8812,0,0,0,0,18,13726,7936,970028,460288
8i6m0aVAwsdSY2FEfU59,1,24,0,0,0,6,0,0,4,22,0,3,33,1,5,0,57,0,3,0,0,1,18,72,0,3,1,0,0,0,14,60,0,1,3,8,0,42,26,20,25,0,150,2,2,0,1,1,1,0,0,1,2,0,0,1,0,0,0,0,0,1,106,3,6,1,286,28,31350,13156,0,507,0,293,624,3,3,1361,0,0,0,0,17,2808,7680,170157,445440
2A6SgLfdzGEopT7XcQhD,1,124,11,0,0,23,0,0,5,244,0,24,305,1,30,0,206,54,0,0,0,62,284,617,0,20,11,0,0,0,427,488,22,6,54,161,0,138,396,396,442,1,5003,38,19,0,6,0,114,0,20,58,113,0,0,129,73,6,0,2,0,47,228,27,56,166,2199,552,20997,22272,50,43,3,197,1106,3,3,16491,0,0,0,0,19,18425,10240,1096274,593920
dHhYV16mSsuTqrzcAvBE,8,72,4,0,0,15,1,3,2,66,1,3,37,0,17,0,52,16,0,3,11,9,23,417,0,0,4,0,0,1,390,180,13,8,3,7,3,45,20,70,73,2,2333,0,7,1,2,6,5,3,4,2,6,3,2,9,1,1,1,1,2,3,175,3,10,23,1864,177,28704,8564,0,6325,0,245,0,0,3,9470,0,0,0,0,18,16153,7936,1071855,460288
gpsAGrcBhjxJaoL7NqYT,8,89,0,4,0,3,1,1,4,67,0,2,37,0,17,0,32,20,2,0,7,8,16,454,0,0,3,2,0,0,426,176,8,8,2,11,2,52,19,77,72,0,2571,2,3,0,2,3,5,2,0,0,6,1,0,10,0,1,0,3,0,5,133,4,13,31,1942,184,33842,9008,92,4595,0,206,0,0,3,10178,0,0,0,0,18,15092,7936,1024360,460288
dSkI7FWjpnhwJABYgT4s,1,960,12,0,0,4,0,0,47,2659,0,41,6450,1,84,8,1278,44,27,0,6,477,1542,9831,0,137,298,49,0,1,2980,7421,44,3,115,1050,0,1933,4057,3208,2270,0,19707,21,113,5,70,10,489,0,2,78,173,1,0,1021,102,0,0,1,0,72,15389,80,403,220,19646,4569,51562,15740,0,8990,0,869,13117,3,3,130844,0,0,0,0,19,153845,28928,8555247,1677824
68icCkFVRJK5UtxLOqIu,1,378,0,0,0,10,0,7,19,639,0,8,1692,1,18,0,711,3,31,0,0,109,517,3428,0,43,83,0,0,8,949,1878,5,1,12,188,0,1234,3285,1003,829,0,8851,7,36,0,8,17,56,0,14,11,51,1,0,198,25,0,0,0,0,31,4277,4,61,15,5248,856,65673,10108,0,3517,0,1666,16553,3,3,54305,0,0,0,0,19,76066,19968,4657764,1158144
Bhs2Pa0NyQ8ArJW5fq9R,1,422,1,0,0,3,0,0,78,452,0,9,859,1,34,2,556,0,82,0,5,17,433,1378,0,11,4,3,0,0,715,1298,157,1,58,219,0,302,722,607,335,0,5053,1,33,0,187,20,12,0,0,69,129,0,0,31,69,0,0,3,0,79,2637,18,92,23,4579,907,24431,271272,0,1214,0,392,0,0,3,27167,0,0,0,0,19,28795,41728,1692708,2420224
iGaW9vzZUxsODf2bud6n,8,87,0,3,0,2,1,0,5,68,4,2,37,0,15,1,24,19,4,1,2,10,12,461,0,0,4,0,1,0,419,203,2,7,2,5,1,28,18,78,70,0,2552,1,3,0,1,4,5,1,1,1,2,0,0,9,1,0,1,1,2,1,132,2,9,30,1940,183,28073,9008,92,4595,0,206,0,0,3,8726,0,0,0,0,18,13640,7936,964898,460288
2vdQBJI8twlfn3grNmsj,8,88,0,1,2,4,1,0,6,68,1,0,33,0,15,0,28,19,2,1,1,8,15,469,2,0,3,0,3,0,420,203,6,6,0,9,0,36,18,79,71,1,2559,1,5,1,1,3,6,0,0,1,4,0,0,12,0,1,0,1,1,1,134,3,5,30,1939,182,33819,9008,92,4595,0,206,0,0,3,9299,0,0,0,0,18,14213,7936,989054,460288
AkSm1VnbXzwCOrBlIPQZ,1,1233,62,0,0,74,2,1,31,2407,5,69,3081,1,124,4,1305,127,46,0,1,278,2209,6611,14,148,128,18,0,0,2405,7718,13,3,83,1057,0,1983,3722,6418,5097,2,22264,15,96,3,101,25,175,0,4,144,316,0,13,368,199,8,0,0,0,120,9154,39,513,224,22238,4080,123042,8796,0,6629,0,623,6950,3,3,129388,0,0,0,0,19,143615,33024,8224284,1915392
Ccj3AiR725Y8vHFaXPkG,1,33,0,0,0,2,0,0,6,37,0,2,50,1,10,0,101,0,2,0,13,1,27,112,0,9,0,0,0,0,55,61,0,1,2,13,0,52,115,34,40,0,415,0,7,0,7,3,2,0,0,0,7,0,101,4,0,0,0,0,0,3,221,3,7,0,437,39,29958,10996,0,65,0,250,706,3,3,2558,0,0,0,0,17,3602,7680,253234,445440
0Rgetc1wAfxlzHTGBOa7,1,67,3,0,0,2,0,5,27,89,0,38,330,1,3,0,214,27,0,0,0,26,112,456,0,10,21,9,0,0,241,416,0,0,38,75,0,173,266,221,113,0,1931,2,4,0,2,29,61,0,0,0,2,0,0,94,14,0,0,0,0,1,572,12,20,49,1327,202,39647,8956,0,3120,0,677,1262,3,3,9734,0,0,0,0,19,14818,9216,827815,534528
AygMUQ9GnsVrSlHtO1IJ,1,66,5,0,2,6,0,0,24,306,1,10,733,1,6,0,122,9,4,0,2,9,280,759,0,29,4,0,0,0,375,649,0,0,34,5,0,340,420,607,192,9,3203,2,1,0,4,3,6,0,1,3,50,0,13,16,2,0,0,3,0,35,975,4,9,2,2077,479,45635,288,0,1120,0,270,2631,3,3,15724,0,0,0,0,19,19770,9984,1124762,579072
iolu9ByjK2EdJUXq053t,8,44,1,1,0,2,1,0,0,61,0,2,28,1,15,0,70,14,1,1,1,7,10,459,1,0,4,1,1,1,377,139,3,4,3,6,0,49,19,69,72,1,2402,2,3,0,3,0,8,0,0,0,5,1,2,8,0,0,1,1,0,3,133,3,5,16,1848,166,27942,5836,7164,9829,0,147,0,0,3,10048,0,0,0,0,18,27209,7680,1488217,445440
Alip9zLkjS5OtryE46Rb,1,43,2,0,0,0,0,0,3,124,0,95,251,1,12,0,55,38,3,0,0,16,103,331,1,13,8,2,0,0,386,170,9,0,103,47,1,117,196,153,153,0,2025,0,1,0,1,0,7,1,0,5,49,0,0,10,57,0,0,0,0,33,436,22,44,62,1078,189,18645,52,0,1050,0,66,5283,3,3,7907,0,0,0,0,17,14329,9472,732978,549376
HzjUnQe2LAZmiT6EhGgo,8,142,20,1,1,26,2,1,2,70,1,1,39,0,15,0,37,17,0,2,5,20,21,455,45,1,15,0,1,0,476,176,1,6,1,7,1,34,19,77,69,2,2465,5,3,3,1,2,4,1,0,1,3,2,0,6,2,2,2,3,0,2,138,3,3,23,1813,213,28005,4372,7164,9442,0,189,0,0,3,8849,0,0,0,0,18,25665,7680,1431286,445440
H42dBygaJWzSOtb9Ei3f,1,1047,5,0,0,0,0,0,9,1194,0,15,3027,1,140,8,684,120,85,0,1,259,720,9550,12,140,221,36,0,2,997,4878,3,5,29,406,0,1715,4013,1602,2123,0,14665,7,124,0,25,23,59,0,2,55,207,0,12,146,98,1,0,0,1,105,7078,53,236,102,10284,2100,81366,4672,0,5077,0,586,18277,3,3,83287,0,0,0,0,19,107252,20224,5641858,1172992
6cXb3TjuAmVPgp0fleCd,9,243,0,0,0,4,0,0,1,88,0,505,404,0,0,0,92,46,9,0,1,165,363,1085,0,6,156,0,0,0,480,493,0,0,506,4,0,178,182,229,343,0,2570,1,0,0,9,0,164,0,0,0,0,0,1,173,3,0,0,0,0,0,1632,1,5,82,3956,507,96110,4532,0,140981,0,436,537,0,0,12991,0,0,0,0,20,154965,12800,6755050,742400
d3OyhCmaB9zln4AwTRGW,8,43,0,0,0,0,0,1,4,18,0,2,16,0,39,0,100,0,4,0,1,0,18,68,1,0,0,0,1,0,76,28,2,2,2,31,0,16,25,18,51,0,336,0,1,1,1,4,1,0,1,0,9,0,0,1,0,1,1,0,0,8,65,0,17,0,666,90,63877,238236,0,3058,0,409,20718,3,3,2326,0,0,0,0,18,26535,21248,1114679,1232384
C3ZfGBVmThlcWFQDEMvw,9,118,0,0,0,19,0,0,24,63,0,75,268,0,0,0,127,14,14,0,5,119,150,763,0,1,113,0,0,0,241,481,1,0,75,4,2,113,64,168,553,0,1017,0,1,17,2,8,116,0,0,0,0,0,8,122,2,0,0,2,0,0,1023,8,1,17,2611,388,90287,1728,0,154246,0,1101,1711,3,0,7859,0,0,0,0,18,164938,12544,7180143,727552
EsbqF29S3UBC7vMDOIWm,1,159,0,0,0,67,0,0,14,156,1,4,464,1,14,0,254,2,4,0,0,8,227,69,0,7,7,0,0,0,222,53,1,1,18,91,0,230,364,384,131,0,1897,1,9,4,49,15,6,0,0,7,39,0,0,34,12,0,0,0,0,20,766,9,26,9,1969,353,17834,6968,0,318,0,344,0,3,3,13646,0,0,0,0,19,14333,8448,917690,489984
BVt1fum5EzksNPAx3oWa,1,638,1,0,0,314,0,0,2,838,2,11,2006,1,100,2,349,29,10,0,0,31,1184,6248,1,29,25,0,0,1,587,6488,4,0,22,222,0,1447,2825,3159,1864,3,14305,1,30,0,5,34,29,0,0,31,1055,0,2,93,21,0,0,2,0,56,9019,11,52,27,15370,3333,123668,8692,0,6774,0,498,0,3,3,95341,0,0,0,0,19,102638,32256,5940992,1870848
Iec3SYD4Gimhob1xQ7sV,8,83,0,0,0,1,0,0,4,94,0,11,39,0,27,0,101,0,4,0,0,0,194,151,0,4,0,1,0,0,91,60,31,9,11,71,0,19,50,43,82,1,817,5,27,0,10,4,1,0,0,6,27,0,0,1,0,0,0,0,1,5,107,4,43,0,932,182,22703,136384,0,108458,0,184,0,0,0,4026,0,0,0,0,20,114084,17152,5157995,994816
FdMkgDZaeJus2vTPIxGH,8,45,1,0,1,2,0,2,1,63,0,1,37,1,16,0,75,17,1,1,8,13,9,477,1,0,7,1,0,1,382,171,10,11,2,8,0,39,19,71,74,0,2408,2,6,1,3,0,7,0,2,1,4,0,3,10,0,2,2,2,0,2,131,4,10,15,1878,175,33448,5836,7164,9829,0,147,0,0,3,9280,0,0,0,0,18,26441,7680,1459365,445440
JlD2LoRumXEViyUT71PF,9,51,0,0,0,4,0,0,12,10,0,0,62,0,0,0,45,0,2,0,0,0,236,354,0,0,0,0,0,0,223,120,27,0,0,0,0,43,56,71,0,0,97,0,254,0,1,0,5,0,0,76,8,0,0,8,0,0,0,0,0,0,394,2,0,0,898,72,28925,384,0,771,0,251,1053,0,0,10517,0,0,0,0,18,12610,10496,1262427,608768
iqS2Jm1Iv3GCEUpof5ua,6,817,20,11,5,18,12,9,4,98,7,34,426,8,19,9,196,23,16,3,5,39,224,536,16,4,21,6,11,9,292,254,106,119,44,156,18,823,110,111,207,9,1369,9,102,3,19,2,20,18,11,23,30,14,14,43,23,15,11,12,1,19,676,18,131,15,1526,336,71646,9616,0,0,0,252,0,3,3,0,0,17,78751,1553,17,80596,38912,5691656,2256896
JaxoikOjnRvIHFAzBMUD,9,114,0,0,0,16,0,0,63,41,0,80,265,0,0,0,182,11,20,0,5,128,190,699,0,5,124,0,0,0,205,415,0,0,80,4,0,132,73,169,566,0,1004,0,1,14,3,24,102,0,0,0,0,0,11,108,2,0,0,0,0,0,1015,8,4,18,2692,378,103252,1812,0,163686,0,1172,1789,3,0,7496,0,0,0,0,18,174164,13568,7565021,786944
ebcREpnCkZU65oBVHTj7,8,112,0,0,0,2,0,1,16,149,0,41,200,0,99,1,233,4,4,0,2,13,156,267,1,7,9,0,0,0,192,331,1,4,41,92,0,98,258,144,126,0,1760,2,8,0,1,4,1,0,0,15,29,0,0,122,5,0,0,0,0,18,1231,1,56,2,1940,434,60461,230544,0,0,0,669,17383,3,3,9453,0,0,0,0,20,40120,21248,1812656,1232384
I0wz6TmBL92MSGgxUboV,9,18,0,0,0,2,0,0,4,23,0,0,92,0,3,0,44,2,6,0,5,3,28,273,8,0,2,0,2,1,181,304,7,1,0,23,0,118,122,36,9,0,947,0,6,0,2,4,2,0,2,0,4,0,2,3,3,2,0,0,0,1,777,4,17,4,475,50,29285,19668,17,50616,0,382,0,0,0,4962,0,0,0,0,20,111252,9472,4888585,549376
c3Lx2VdawPgOrFQK7ElZ,8,89,2,1,1,2,2,0,4,66,0,0,37,0,16,0,28,19,3,1,0,7,11,446,0,0,3,0,0,0,421,127,3,10,2,3,2,37,17,77,73,1,2559,0,4,0,5,2,5,2,2,0,2,1,1,10,2,2,2,3,0,1,129,2,9,30,1932,184,28257,9008,92,4595,0,206,0,0,3,9349,0,0,0,0,18,14263,7936,996676,460288
dyNkotjVGpaX5gfBx1AP,8,31,1,0,0,8,0,0,1,72,0,2,41,0,15,0,47,28,5,1,2,6,13,380,1,0,6,0,1,0,348,172,11,11,2,16,0,36,34,63,69,2,2147,0,1,0,1,0,5,0,0,1,5,0,1,9,0,2,1,2,0,4,133,2,37,22,1482,169,27927,6972,7164,10829,0,208,0,0,3,8157,0,0,0,0,18,26379,7680,1451250,445440
dDBYMFQjmlaAT2rxhP7z,8,77,0,3,0,0,0,0,5,19,0,29,19,0,114,1,93,8,4,0,5,0,57,134,0,0,0,0,0,0,146,35,2,2,30,62,0,20,13,26,174,0,711,1,2,1,1,0,0,0,0,0,7,0,0,0,0,0,0,1,0,7,107,0,56,2,675,173,66299,282192,0,0,0,330,16111,3,3,4020,0,0,0,0,18,24852,22784,1088101,1321472
4rNAjfbGERH3iKk8qoS5,8,95,1,1,2,2,0,1,5,66,2,4,39,1,15,1,29,19,4,0,3,7,14,452,0,0,3,0,3,1,420,137,6,15,5,9,2,54,17,78,77,0,2560,1,6,0,4,2,5,2,1,1,2,0,3,11,0,2,0,4,0,1,132,5,10,31,1943,184,28271,9008,92,4595,0,206,0,0,3,11146,0,0,0,0,18,16060,7936,1075297,460288
5drRtkhwUeEg1WyBCXnF,9,181,0,0,0,25,0,0,40,74,0,136,624,0,0,0,172,13,12,0,14,239,280,1543,0,3,231,0,0,0,413,989,3,0,136,3,0,241,161,360,674,0,1942,0,0,2,1,14,246,0,0,0,0,0,8,257,2,0,0,0,0,0,2107,2,5,20,4545,777,111601,1720,0,160155,0,1135,1751,3,0,14690,0,0,0,0,18,177752,14336,7784536,831488
81JBhZw7jQmauKs9brPy,9,19,0,0,0,1,0,0,7,28,0,0,84,0,3,0,48,5,4,0,5,2,17,259,8,1,1,3,1,0,152,285,5,2,1,23,0,111,98,28,6,0,895,1,6,0,2,4,1,0,2,0,4,0,2,3,2,0,0,0,0,3,717,4,19,5,480,43,180870,20692,17,361432,0,362,0,0,0,4620,0,0,0,0,18,810303,53248,34750940,3088384
AaNMcn6PxdZX5lwfz8qr,6,63,5,8,4,3,10,7,2,7,5,31,122,9,6,8,108,10,9,3,7,7,75,105,12,2,4,8,5,6,90,31,62,78,37,75,10,414,35,5,57,9,371,5,57,5,9,2,5,10,10,2,9,12,8,8,3,4,6,19,1,2,219,18,79,8,538,70,33578,14736,0,0,0,253,0,3,3,0,0,17,37791,1553,17,39637,19200,2686065,1113600
hvnbNWILJC0gj57wy8KM,8,73,2,0,0,2,2,0,14,86,0,7,118,1,70,2,106,5,4,1,2,17,63,181,1,2,12,1,0,1,106,269,4,5,13,46,0,65,135,99,161,1,927,0,5,0,1,3,5,0,2,2,14,0,0,21,2,0,0,1,1,12,553,5,32,0,1206,240,82335,230128,0,0,0,453,20059,3,3,5546,0,0,0,0,20,54675,21760,2158395,1262080
IuAnZRqFaMl5eYbPwXvz,8,90,0,2,0,3,0,2,5,67,1,2,32,0,16,0,29,19,2,0,3,7,15,449,1,0,3,0,1,0,420,155,7,12,2,8,1,29,17,77,72,1,2566,0,4,3,1,4,6,1,0,0,3,0,0,11,1,0,0,3,2,1,127,4,8,31,1934,184,28084,9008,92,4595,0,206,0,0,3,8728,0,0,0,0,18,13642,7936,964181,460288
jAcaJU6eHy14LPGbnDmT,6,12,1,0,1,1,0,1,5,3,1,1,23,0,0,0,62,0,4,0,0,0,1,97,1,0,0,0,0,1,62,51,2,11,1,2,1,48,5,1,1,1,375,0,3,0,2,3,0,1,0,0,1,1,1,0,0,1,1,0,0,0,2380,0,4,0,277,6,38895,328176,588,0,0,550,4112,0,3,9492,0,0,0,0,17,14762,29696,1229055,1722368
ce2bA7oZP38DCIX9GhQV,8,95,1,1,1,5,0,1,4,67,2,3,34,3,15,1,32,19,3,2,2,9,15,462,1,0,3,0,0,1,429,188,6,14,5,12,0,37,18,77,71,1,2579,1,8,0,2,2,6,0,2,3,3,1,0,11,1,0,0,2,0,2,141,3,11,31,1953,185,33838,9008,92,4595,0,206,0,0,3,9930,0,0,0,0,18,14844,7936,1013705,460288
ePCwhpaOtzJHT4QMBsXZ,4,35,12,1,12,5,0,14,25,6,11,7,114,4,0,1,134,3,16,1,36,1,47,72,12,0,1,1,15,1,102,35,39,28,8,78,1,24,12,22,149,11,172,5,32,0,12,0,10,1,16,0,25,3,5,21,10,0,1,0,0,13,292,13,41,19,422,55,17633,66720,0,21747,3,3,76816,0,3,2100,0,0,0,0,17,100689,11264,4066970,653312
gi5zQqk4cp7mXnHfSTbP,4,74,0,3,0,4,0,0,4,20,0,0,144,3,0,0,87,0,3,0,0,0,319,308,0,0,0,0,0,0,529,41,0,73,1,71,1,12,67,18,45,0,490,0,1,0,6,2,0,1,1,0,2,0,0,0,6,0,0,1,0,0,497,0,8,3,559,26,46683,366248,0,262672,0,109,317,0,3,655,0,0,0,0,17,266516,40192,11646746,2331136
8KNqArVDfusEobR4Y0lO,4,69,7,3,5,5,7,16,0,15,8,15,672,7,4,7,123,4,15,2,0,4,129,216,123,13,2,2,27,15,247,32,33,100,17,122,6,62,44,16,1267,5,491,10,28,0,21,3,2,6,36,3,12,8,8,2,8,10,8,0,3,6,846,7,96,22,1247,107,15793,87076,0,73744,3,3,1040,0,0,13447,0,0,0,0,17,88254,11776,4122842,683008
edZcFpiJ7kt9bPKqL6Al,6,22,0,0,0,0,1,0,12,43,0,0,60,0,1,0,34,1,5,0,0,4,36,104,0,1,2,0,0,0,114,241,0,1,0,2,0,34,183,95,18,0,462,0,1,0,3,1,3,0,1,2,2,1,1,11,1,0,0,0,0,1,876,0,3,1,445,59,465253,5344,0,0,0,4131,0,3,3,0,0,4112,42550,4112,17,54928,64256,4971777,3726848
HnCIJEd3foNTBUtSv7wK,6,48,0,1,0,2,2,0,1,32,1,3,127,2,40,2,33,2,3,26,0,0,82,150,0,0,0,3,1,0,112,72,4,19,3,15,3,91,76,40,62,0,703,1,9,40,3,1,0,3,1,0,60,0,1,0,1,2,0,2,0,24,529,3,15,1,869,127,53961,20880,0,0,0,253,23,3,3,0,19,17,15089,1553,17,16977,12544,1421393,727552
eR5NruTbULqhYVFmt39d,8,60,1,16,1,0,0,0,10,19,0,5,35,0,61,0,136,1,4,0,1,0,22,74,0,0,0,2,1,0,92,30,2,4,5,36,0,16,14,18,59,0,477,0,0,0,1,6,0,0,0,0,11,0,0,0,0,0,0,0,0,10,67,3,33,3,766,115,50968,230204,0,4143,0,484,23641,3,3,2871,0,0,0,0,20,31165,18944,1323006,1098752
IY9HnrhqPomv3L6bAzeX,4,56,5,4,2,14,7,22,1,16,8,8,671,11,5,7,127,6,20,0,0,3,118,184,130,22,1,1,34,7,255,33,26,109,9,123,5,55,33,17,1243,4,473,8,34,1,29,2,1,5,25,2,9,7,11,1,5,9,9,1,2,6,856,7,88,19,1241,126,14891,79404,0,65552,3,3,1040,0,0,12496,0,0,0,0,17,79111,10752,3696255,623616
BdDpAUVrf32Hwm5ex74o,4,50,5,5,6,18,3,18,2,17,5,13,574,7,3,11,148,3,22,2,0,5,136,57,215,39,2,3,22,10,63,35,17,100,14,143,6,64,59,18,1011,4,431,12,22,5,34,1,0,6,38,3,10,4,14,0,12,9,6,0,1,5,692,15,122,26,1318,149,15159,88604,0,73744,0,33,1040,0,0,11027,0,0,0,0,17,85861,11776,3970098,683008
JSENO0RduDWZzG3lHcey,9,275,2,2,0,0,0,0,10,304,0,3,502,2,14,0,305,12,9,0,0,72,275,681,0,4,56,0,0,0,288,489,0,0,4,248,0,247,474,329,333,0,4019,3,4,0,4,7,27,0,1,8,21,0,4,58,103,0,0,0,0,12,723,1,119,105,2088,511,31929,420,0,145289,0,381,1111,3,3,15757,0,0,0,0,18,162562,12288,7305109,712704
1PBLNzoZlUuWEvAt8MHq,9,339,0,0,0,2,0,0,10,47,0,0,91,0,0,0,43,0,4,0,0,0,218,600,0,0,0,0,0,0,57,209,67,0,0,0,0,47,279,29,1,0,255,0,145,0,1,6,4,0,0,69,61,0,0,99,0,0,0,0,0,0,652,2,0,0,1472,181,324699,516,0,572,0,325,654,0,0,70622,0,0,0,0,18,72191,83200,9008319,4825600
GaNBEjUSeVQFLi3mcur9,6,79,7,6,4,16,9,3,1,5,10,11,116,13,4,4,72,9,9,4,3,4,101,161,12,4,4,4,13,3,113,53,53,71,12,54,7,392,49,2,55,5,354,3,47,1,8,1,5,7,12,6,11,8,7,10,12,5,6,5,0,8,325,9,74,8,592,83,31439,13200,0,0,0,253,0,3,3,0,0,17,38695,1553,17,40541,18944,2736381,1098752
IgAUSCnimJ8erwFljDP4,6,118,3,20,3,13,9,10,1,5,13,36,188,11,5,8,123,8,11,7,2,3,120,178,18,3,3,14,9,8,151,38,80,113,44,102,12,789,64,5,101,6,524,1,103,2,13,1,7,12,9,4,7,12,18,11,12,17,15,12,0,4,314,21,106,10,750,130,50280,13200,0,0,0,253,0,3,3,0,0,17,79534,1553,17,81380,35840,5450042,2078720
GTJNch5iVIrx3kA74uwb,6,105,2,0,0,0,0,0,2,409,0,6,744,0,10,0,109,10,0,0,0,24,263,1317,0,21,8,0,0,0,567,1132,2,6,6,87,0,351,664,429,250,0,2224,0,22,0,2,5,24,0,0,22,27,1,0,49,48,0,0,0,0,20,3003,1,48,15,2458,538,102024,28308,17,317440,0,154,0,0,3,18400,0,0,0,0,17,525367,35840,22872497,2078720
BnRgI07aqODWw3FcKL6G,6,26,0,0,0,0,0,0,2,40,0,0,58,0,1,0,17,1,5,0,0,5,41,62,0,0,3,0,0,0,71,129,0,0,0,0,0,19,114,63,17,0,334,0,0,0,3,1,5,0,0,2,6,0,0,17,1,0,0,0,0,4,438,0,0,1,325,63,141794,7380,0,0,0,3618,0,3,0,0,0,4112,21759,4112,17,33621,31552,3076616,1830016
4Qcv9hWIsmBX3PUNLltT,9,20,0,0,0,0,0,0,5,28,0,1,98,0,4,2,46,2,3,0,3,4,37,277,7,1,2,0,5,2,177,326,6,2,2,20,0,124,138,39,16,0,949,0,7,0,2,4,1,0,0,2,5,0,1,4,6,0,0,0,2,3,766,2,17,6,560,58,180021,14588,17,360458,0,406,0,0,0,5054,0,0,0,0,18,811679,52992,34818945,3073536
6PG57gUmE2rLebCBTMno,4,46,0,1,1,13,24,0,4,37,1,23,208,19,0,0,85,17,21,1,49,2,54,95,19,0,0,21,0,2,182,94,57,48,35,34,19,45,22,15,278,5,316,0,11,4,14,0,0,19,20,1,4,1,0,0,34,0,9,20,0,1,672,22,115,21,490,108,49291,332472,0,30399,3,3,262673,0,3,2994,0,0,0,0,17,296092,40448,11680517,2345984
6xezkmBt9upOylqoX48E,6,27,0,0,0,0,0,0,2,36,0,0,62,0,1,0,24,1,6,0,0,3,36,49,0,0,1,0,0,0,68,115,0,0,0,0,0,20,103,53,15,0,292,0,0,0,2,1,5,0,1,2,9,0,0,15,1,0,0,0,0,6,331,0,0,1,353,62,35576,90328,0,284373,0,180,1484,0,0,1950,0,0,0,0,17,288016,24320,12549068,1410560
8hkxUfgW2bHMqPjrcNLT,6,274,1,0,0,49,0,0,2,754,0,11,2129,0,30,0,368,2,24,0,0,48,810,2694,0,17,22,1,0,0,623,3393,3,0,11,348,0,562,1285,1598,529,0,5254,2,14,0,47,1,66,0,0,22,73,0,0,146,8,0,0,0,0,44,6356,3,61,12,6495,1376,46231,208,0,100741,0,172,385,0,3,1539,0,0,0,0,17,102857,9984,4813268,579072
EHkFG5lfKwuy2iq6WdLN,9,121,0,0,0,2,0,0,4,50,0,0,128,0,0,0,36,0,4,0,0,0,111,288,0,0,0,0,0,0,48,68,131,0,0,0,0,61,157,51,1,0,138,0,11,0,1,1,3,0,0,14,54,0,0,43,0,0,0,0,0,0,333,2,0,0,859,136,45497,388,0,193,0,243,806,0,0,9624,0,0,0,0,18,10884,10496,1111400,608768
drTJEXDQkP82ueAgIitZ,4,43,0,0,0,5,0,0,10,8,1,0,89,24,0,0,79,0,12,0,2,0,51,78,31,0,0,0,0,1,110,61,25,53,19,57,31,9,20,7,250,22,209,0,19,20,9,0,1,31,22,0,6,4,0,2,12,0,0,0,0,3,461,3,95,10,305,61,49878,331476,0,30848,3,3,264208,0,3,3538,0,0,0,0,17,298620,40448,11760043,2345984
AQqlg1wKtNYafzkB5Th6,9,30,0,0,0,2,0,0,4,22,0,0,82,0,0,0,43,0,4,0,0,0,152,213,0,0,0,0,0,0,85,83,167,0,0,0,0,51,122,53,2,0,236,0,65,0,1,0,0,0,0,42,5,0,0,55,0,0,0,0,0,0,298,2,1,0,949,91,176708,424,0,668,0,263,864,0,0,68766,0,0,0,0,18,70579,82944,8810830,4810752
KGorN9J6XAC4bOEkmyup,9,380,0,0,0,3,0,0,31,116,0,1007,669,0,0,0,92,115,2,0,8,323,567,2015,0,9,314,0,0,0,835,943,1,0,1007,3,0,272,340,451,620,0,4712,0,2,0,2,8,288,0,0,0,0,0,8,298,2,0,0,0,0,0,3350,1,3,102,7219,988,118855,680,0,172523,0,425,809,0,0,23858,0,0,0,0,18,197653,16384,8759876,950272
l3iRBsCVb4Z81TLNxSgM,4,39,13,1,12,9,0,17,31,4,15,10,116,3,0,0,154,4,20,1,41,0,67,99,14,0,0,0,16,0,121,44,46,33,10,93,0,26,13,22,121,16,205,3,30,0,5,0,11,0,8,0,24,0,4,22,8,0,0,0,0,10,357,18,45,22,485,55,14355,56988,0,67088,0,103,22090,0,3,2388,0,0,0,0,17,91689,9728,3931919,564224
95joqyVh0gaeEIbrv1BA,9,131,0,0,0,23,0,0,34,55,0,46,264,0,0,0,215,8,7,0,11,195,230,1334,0,13,192,0,0,0,315,939,1,0,46,3,0,129,146,216,632,0,2984,0,0,3,1,118,160,0,0,0,0,1,11,167,2,0,0,0,0,0,1784,8,1,77,3464,362,99565,2092,0,155116,0,1339,2007,0,0,12776,0,0,0,0,18,171256,13312,7526442,772096
7c06VofO9jp8dkSIunga,4,29,7,0,9,8,1,9,13,0,8,10,74,2,0,0,106,4,18,0,28,3,47,89,6,0,1,2,9,1,83,65,25,33,11,61,1,19,12,11,2,7,136,4,23,1,7,4,6,1,9,1,18,0,4,17,5,0,0,0,0,10,216,9,42,15,284,36,48083,346800,0,264208,0,113,329,0,3,702,0,0,0,0,17,268138,40192,11791908,2331136
8WOdj5swHa1A204fNyU6,6,129,8,19,7,15,14,12,2,8,21,31,207,10,9,11,148,12,21,4,0,9,154,233,16,6,7,9,16,10,179,61,79,168,42,125,12,782,77,4,114,6,629,10,112,6,11,1,8,12,10,2,11,13,14,14,20,17,20,14,0,6,451,29,122,10,936,154,44957,16784,0,0,0,253,0,3,3,0,0,17,79406,1553,17,81252,35584,5462719,2063872
ezUIPLcrOXBlw1mkTtQZ,9,204,0,0,0,1,0,1,4,66,0,467,309,0,0,0,100,42,9,0,0,118,262,794,0,5,114,0,0,0,414,344,0,0,468,4,0,139,155,181,276,0,1940,1,1,0,12,1,118,0,0,0,0,0,1,127,3,0,0,0,0,0,1261,1,5,44,3137,380,94980,392,0,141328,0,396,498,0,0,10032,0,0,0,0,20,152274,12032,6586916,697856
8CKcwMWse2LIa9tkhGXE,6,175,9,17,4,17,20,11,4,73,12,37,376,17,15,12,177,25,21,6,6,38,180,418,15,2,24,16,14,8,269,158,114,167,46,148,20,893,109,52,186,6,1286,4,118,4,16,3,11,20,15,7,17,13,16,25,11,23,25,19,2,11,582,22,166,18,1324,274,53758,13204,0,0,0,254,0,3,3,0,0,17,86001,1553,17,87848,37888,5861153,2197504
GXteK0J692hS4YnpNzWu,6,73,0,1,0,7,0,1,0,40,3,9,189,1,26,3,56,5,2,33,0,0,135,180,1,1,0,3,2,0,243,97,22,50,11,51,2,205,77,36,175,1,820,0,21,27,4,0,0,2,3,1,68,2,3,0,0,4,4,4,0,40,544,8,35,2,973,158,233134,26264,0,0,0,110,23,3,3,0,19,17,49764,1553,17,51509,52224,5463276,3028992
Ab76U0fJanpo2QwxVN9e,4,67,2,0,4,14,1,5,3,4,2,5,53,1,0,0,69,4,20,0,8,1,84,142,5,0,0,0,6,1,218,72,11,38,7,48,0,18,20,6,142,4,177,2,12,0,22,0,5,0,8,0,9,2,5,9,23,0,1,1,0,5,130,3,26,27,431,31,49182,331420,0,261650,0,103,1233,0,0,345,0,0,0,0,17,267657,39424,11796395,2286592
bYC6r58y9BWvjScdVaFg,6,113,1,4,3,10,13,15,2,11,8,33,167,7,9,9,110,7,17,5,4,7,92,189,6,4,3,13,3,11,131,47,69,94,42,85,10,549,63,9,91,5,471,8,78,3,13,1,0,10,7,2,9,9,12,4,16,12,12,12,0,5,336,19,92,10,737,109,29318,13708,0,0,0,248,0,3,0,0,0,17,53660,1553,17,55498,24064,3730043,1395712
itDk014ZYvsbGMfdR2cH,9,160,0,0,0,6,0,0,4,93,0,0,56,0,0,0,21,0,2,0,0,0,336,487,0,0,0,0,0,0,102,139,288,0,0,0,0,78,379,59,2,0,115,0,135,0,1,4,2,0,0,65,33,0,0,91,0,0,0,0,0,0,390,2,2,0,1240,190,47743,344,0,146,0,232,863,0,0,11127,0,0,0,0,18,12386,10752,1191819,623616
b7gT9EzYN5fs40cJX2FQ,6,120,8,14,6,13,15,9,1,2,18,41,202,9,5,8,144,11,11,5,2,6,121,179,9,0,4,8,17,4,136,37,97,133,48,123,16,748,55,1,111,4,597,5,94,3,14,1,0,16,9,1,10,18,9,2,11,9,12,14,0,4,358,16,114,7,740,142,49790,9616,0,0,0,253,0,3,3,0,0,17,77023,1553,17,78869,35072,5320017,2034176
D3P5wso2J0hYbKRIWaCL,6,99,9,10,8,16,3,3,0,4,4,21,134,9,6,4,97,14,10,4,7,9,90,168,10,1,8,5,7,7,310,76,67,75,25,82,11,407,49,5,547,4,451,10,73,2,10,3,8,11,9,2,6,7,10,9,5,7,9,4,3,3,301,12,90,11,1163,85,136187,11524,0,0,0,175,0,3,3,0,0,18,59017,1553,17,60786,32256,4421552,1870848
JTAoQ9miHalVeE63PdBU,7,7,0,0,0,0,0,0,0,6,0,0,80,0,0,0,26,0,0,0,0,0,2,69,0,0,0,0,0,0,3,119,0,0,0,0,0,40,9,2,32,0,78,0,0,0,1,1,0,0,0,0,0,0,0,0,0,0,0,1,0,0,202,0,0,0,26,2,99383,1377460,0,1039,0,0,1457,0,3,1130,0,0,0,0,17,3679,86784,172054,5033472
0sM6DQlxcP3oAfd9ZVBT,6,36,0,1,0,1,2,0,1,29,3,3,114,0,35,0,37,1,2,35,0,2,77,148,7,0,2,1,2,0,117,67,8,5,3,20,0,93,70,39,72,0,639,1,8,39,5,1,0,0,1,0,52,1,1,1,0,1,0,4,0,30,479,3,14,1,848,143,49021,23432,0,0,0,246,23,3,3,0,19,18,14317,1553,17,16199,11776,1340604,683008
dj7GfVSTmo3Hkv46Wiah,4,50,4,6,4,5,9,23,1,16,9,9,696,3,3,4,130,3,19,1,0,4,116,194,141,27,0,2,32,9,268,33,33,100,11,128,6,62,35,18,1231,0,529,5,25,1,28,1,0,6,37,5,14,8,6,3,8,10,9,1,1,9,871,9,105,16,1199,135,16089,87572,0,73744,3,3,1040,0,0,12556,0,0,0,0,17,87363,11776,4052859,683008
g7vEfrR3s49CH8AVUeSu,4,46,3,7,4,7,4,15,3,20,7,11,702,2,3,6,100,3,16,3,0,3,110,169,142,26,2,1,24,4,259,33,26,88,13,95,3,54,45,17,1249,2,481,3,35,2,21,5,4,3,22,1,12,8,10,5,8,9,4,2,5,5,873,5,92,15,1210,121,16231,87588,0,73744,0,38,1040,0,0,12530,0,0,0,0,17,87369,11776,4057454,683008
51qVyQZvcFaz89onAOBS,6,126,3,18,3,13,10,10,1,5,8,29,210,12,4,13,158,14,11,6,1,4,129,190,12,3,4,10,14,12,149,51,98,174,35,133,13,784,84,1,105,2,639,5,101,3,18,2,7,13,10,4,9,14,25,11,19,16,15,10,1,7,412,24,115,25,816,119,43485,12688,0,0,0,253,0,3,3,0,0,17,77073,1553,17,78919,34048,5283054,1974784
1vhszDdnUVgZ9M5kRYQx,7,2,0,0,0,0,0,0,0,6,0,0,80,1,0,0,11,0,0,0,0,0,1,125,0,0,0,0,0,0,2,119,0,0,0,0,0,87,4,1,0,0,72,0,0,0,1,1,0,0,0,0,0,0,0,0,0,0,0,1,0,0,287,0,0,0,15,0,102741,1451188,0,1041,0,0,1459,0,3,1254,33,0,0,0,17,3807,91392,176209,5300736
fJNIFnjPxKEvHemRBYsg,4,68,0,3,0,2,0,1,2,20,0,0,139,3,0,0,76,0,1,0,0,0,314,295,0,0,0,0,1,0,490,41,0,66,1,64,0,12,63,18,46,0,428,0,0,0,5,2,0,0,0,0,2,0,1,0,6,0,0,1,0,0,477,0,7,3,570,26,17374,112312,0,82960,0,118,341,0,3,572,0,0,0,0,17,86694,13056,3826965,757248
EOeh6tPNzBog5vQRMF0r,6,129,1,0,0,44,0,0,5,88,0,0,186,0,8,0,36,1,26,0,0,10,140,178,0,1,2,0,0,0,318,325,0,0,0,0,0,62,343,121,37,0,764,0,1,1,48,1,11,0,4,2,18,0,0,32,5,0,0,0,0,6,832,3,0,3,887,160,52809,196988,0,353910,0,310,2236,0,0,5511,0,0,0,0,17,361995,36096,15797114,2093568
JzF18ftmDC3VOLnIAhWP,7,2,0,0,0,0,0,0,0,3,0,0,82,1,0,0,11,0,0,0,0,0,2,128,0,0,0,0,0,0,3,119,0,0,0,0,0,87,4,2,1,0,76,0,0,0,1,0,0,0,0,0,0,0,0,0,0,0,0,1,0,0,292,0,0,0,15,1,103981,1451188,0,1041,0,0,1474,0,3,1276,33,0,0,0,17,3844,91392,178165,5300736
9MIluyWeOHp1DB6tafxq,7,3,0,0,0,0,0,0,0,6,0,0,159,1,1,0,12,0,0,0,0,0,3,129,0,0,0,0,0,0,4,119,0,0,0,0,0,89,11,1,1,0,65,0,0,0,1,0,0,0,0,0,0,0,0,0,0,0,0,1,0,0,368,0,0,0,20,2,102320,1451188,0,1041,0,0,1462,0,3,1455,33,0,0,0,17,4011,91392,185474,5300736
ezpQ9ksPIVhAarCwSg70,4,35,0,2,2,9,2,0,1,24,2,18,142,4,18,0,69,4,29,5,30,5,47,91,1,0,0,13,0,0,101,62,39,54,18,37,18,56,49,22,275,14,193,14,55,1,8,13,2,18,30,6,4,5,12,4,23,1,5,13,13,1,308,13,59,8,512,48,7043,15416,0,24694,3,3,16913,0,3,2407,0,0,0,0,17,44040,4352,1937580,252416
f6OSXzVv5aDQPjGYrEA0,7,12,0,0,0,0,0,0,0,9,0,0,79,0,0,0,18,0,0,0,0,0,2,68,0,0,0,0,0,0,3,119,0,0,0,0,0,40,11,2,31,0,76,0,0,0,1,1,0,0,0,0,0,0,0,0,0,0,0,1,0,0,205,0,0,0,21,1,97813,1377460,0,1039,0,0,1457,0,3,1146,0,0,0,0,17,3695,86784,173215,5033472
gdjL7Gu2qxoX3OHrSkWQ,7,67,0,1,0,10,0,0,39,237,0,0,20,1,3,0,156,1,8,0,7,0,89,23,0,1,0,0,0,0,33,14,14,5,0,11,0,4,67,251,301,0,763,0,1,5,7,11,0,0,0,3,6,2,107,0,3,1,0,1,0,1,42,0,10,2,877,324,629813,4069,0,0,0,9734,0,0,0,43297,0,0,0,0,17,66427,96256,7469233,5582848
Ju4nWgOCHXBlyZmTo51e,4,25,13,0,10,6,1,17,38,9,12,7,107,1,0,1,152,4,26,0,43,2,45,83,18,0,0,0,16,1,126,41,43,40,8,84,0,34,14,18,171,12,178,2,40,1,6,0,21,0,4,0,27,2,4,32,3,0,0,1,0,11,340,16,41,24,490,46,20132,99460,0,20550,3,3,85520,0,3,1132,0,0,0,0,17,107228,13824,4320927,801792
cw9MqhojugmlnC0iY386,4,26,4,1,6,5,0,4,16,4,6,8,38,2,0,1,68,4,13,0,19,2,25,56,7,0,1,0,4,0,44,43,16,13,8,36,0,13,23,10,5,6,98,1,15,1,2,1,6,0,4,0,11,1,4,12,6,0,0,0,1,6,145,7,18,10,172,26,15692,78492,0,76304,0,103,14252,0,3,709,0,0,0,0,17,91388,11008,3928330,638464
35dbDR8KSIwZNAPlcgTi,7,7,0,0,0,0,0,0,0,4,0,0,80,0,0,0,21,0,0,0,0,0,1,78,0,0,0,0,0,0,2,119,0,0,0,0,0,40,6,1,31,0,60,0,0,0,1,0,0,0,0,0,0,0,0,0,0,0,0,1,0,0,201,0,0,0,12,1,86205,1238708,0,1039,0,0,1469,0,0,1117,0,0,0,0,17,3677,77824,170565,4513792
ARIuhH95Kori4B8wmQLM,4,6,0,0,0,11,1,0,1,14,0,0,118,1,1,1,31,2,6,0,0,0,44,117,1,0,0,1,0,0,92,81,2,8,2,29,1,15,84,8,376,1,114,0,2,0,9,0,0,1,12376,0,3,1,0,0,20,1,2,0,0,1,369,1,20,11,484,16,17858,98872,0,29379,3,3,95761,0,3,9780,0,0,0,0,17,134946,14848,5382146,861184
7D92cJaF5QIdpA1OEhSt,4,55,1,1,0,7,1,0,2,35,1,22,170,1,25,0,92,1,30,6,40,7,62,109,1,0,0,20,0,2,128,93,57,64,24,53,25,69,74,25,310,15,233,18,71,2,15,23,0,25,43,11,4,9,14,2,28,0,6,20,23,1,417,20,74,9,600,64,7839,9272,0,28051,3,3,16913,0,3,3705,0,0,0,0,17,48695,4352,2155529,252416
ComqpXwFH8zgJdIrEMya,4,41,0,1,0,14,1,0,2,26,0,18,146,2,19,0,84,6,25,4,35,4,69,94,2,0,1,19,0,0,111,80,51,73,18,48,20,62,72,23,307,16,227,19,58,0,9,17,1,20,40,8,5,9,10,1,32,0,7,20,17,2,363,19,64,10,563,58,18570,96288,0,30846,3,3,95760,0,3,3630,0,0,0,0,17,130262,14848,5304330,861184
alNJ9v5fdyO2QXruVFsp,4,30,0,1,4,6,0,5,4,1,0,0,3,1,3,5,26,0,9,0,1,1,21,28,0,0,0,0,0,9,34,41,19,0,0,7,0,1,1,0,7,3,104,0,29,0,1,2,1,0,0,4,4,0,0,1,7,0,0,0,0,2,3,0,0,7,226,21,62967,38284,0,157256,0,225,0,3,0,710,0,0,0,0,17,163347,15360,7118055,890880
jfn98b4a1ErPWx3thgCN,7,3,0,0,0,0,0,0,0,7,0,0,80,1,0,0,11,0,0,0,0,0,3,131,0,0,0,0,0,0,3,119,0,0,0,0,0,89,6,1,2,0,68,0,0,0,1,0,0,0,0,0,0,0,0,0,0,0,0,1,0,0,278,0,0,0,21,1,102672,1451188,0,1041,0,0,1471,0,3,1263,33,0,0,0,17,3828,91392,177686,5300736
adxTjKLeEt0HFnUJq1BS,7,60,0,1,0,4,0,0,10,258,0,0,20,1,3,0,64,1,3,0,3,0,99,23,0,0,0,0,0,0,27,15,15,4,0,10,0,4,65,227,109,0,870,0,0,1,2,3,0,0,0,3,6,0,51,0,2,0,0,1,0,1,40,0,5,2,819,323,634826,3223,0,0,0,5960,0,0,0,39738,0,0,0,0,17,59482,93696,6901233,5434368
ghTfdVis0eRN3S1DEJFX,7,2,0,0,0,0,0,0,0,4,0,0,81,1,0,0,11,0,0,0,0,0,2,130,0,0,0,0,0,0,4,119,0,0,0,0,0,87,3,2,1,0,71,0,0,0,1,1,0,0,0,0,0,0,0,0,0,0,0,1,0,0,293,0,0,0,16,1,104311,1451188,0,1041,0,0,1459,0,3,1275,33,0,0,0,17,3828,91392,176857,5300736
aQUM2OeWo1PwkhzsXv4x,7,2,0,0,0,0,0,0,0,8,0,0,80,1,0,0,11,0,0,0,0,0,3,127,0,0,0,0,0,0,3,119,0,0,0,0,0,88,5,2,1,0,72,0,0,0,1,0,0,0,0,0,0,0,0,0,0,0,0,1,0,0,298,0,0,0,22,1,102554,1451188,0,1041,0,0,1471,0,3,1277,33,0,0,0,17,3842,91392,178480,5300736
geY51xavJjMGPbC9Hikt,7,3,0,0,0,0,0,0,0,8,0,0,80,1,0,0,11,0,0,0,0,0,2,123,0,0,0,0,0,0,4,119,0,0,0,0,0,87,4,1,0,0,69,0,0,0,1,1,0,0,0,0,0,0,0,0,0,0,0,1,0,0,295,0,0,0,17,1,102906,1459380,0,1041,0,0,1457,0,3,1261,33,0,0,0,17,3812,91904,176503,5330432
3eHwdBolFKi4PahtXSyg,7,10,0,0,0,0,0,0,0,7,0,0,80,0,0,0,23,0,0,0,0,0,3,71,0,0,0,0,0,0,3,119,0,0,0,0,0,40,9,2,31,0,69,0,0,0,1,1,0,0,0,0,0,0,0,0,0,0,0,1,0,0,202,0,0,0,23,1,99052,1377460,0,1039,0,0,1469,0,3,1134,0,0,0,0,17,3695,86784,172724,5033472
DbAU9EVq0yd2C5cw1ihM,7,11,0,0,0,0,0,0,0,9,1,0,159,0,0,0,21,0,0,0,0,0,2,83,0,0,0,0,0,0,2,119,0,1,0,0,0,41,12,1,31,0,66,0,0,0,1,1,0,0,0,0,0,0,0,0,0,0,0,1,0,0,281,0,1,0,20,0,97180,1377460,0,1039,0,0,1469,0,3,1332,0,0,0,0,17,3893,86784,180576,5033472
eBkv8KYbUZfERHn3Lucj,7,2,0,0,0,0,0,0,0,6,0,0,83,1,0,0,11,0,0,0,0,0,1,129,0,0,0,0,0,0,3,119,0,0,0,0,0,87,3,2,1,0,69,0,0,0,1,1,0,0,0,0,0,0,0,0,0,0,0,1,0,0,299,0,0,0,16,0,103331,1451188,0,1041,0,0,1470,0,3,1278,33,0,0,0,17,3842,91392,177518,5300736
eshmyC9W8ckUO1SYuAjn,7,19,0,0,0,0,0,0,0,4,0,0,156,0,0,0,34,0,0,0,0,0,3,82,0,0,0,0,0,0,4,119,0,0,0,0,0,40,11,1,31,0,71,0,0,0,1,0,0,0,0,0,0,0,0,0,0,0,0,0,0,0,274,0,0,0,88,1,89060,1246392,0,1038,0,145,252,0,0,1291,0,0,0,0,17,2743,78592,141327,4558336
EilXmdUb6zGBJWk9T2SO,7,2,0,0,0,0,0,0,0,5,0,0,157,1,0,0,11,0,0,0,0,0,2,129,0,0,0,0,0,0,3,119,0,0,0,0,0,87,11,2,1,0,66,0,0,0,1,1,0,0,0,0,0,0,0,0,0,0,0,1,0,0,364,0,0,0,17,1,102242,1451188,0,1041,0,0,1459,0,3,1448,33,0,0,0,17,4001,91392,184698,5300736
7Tqx4LAfG8hZHivBO0CD,7,2,0,0,0,0,0,0,0,7,0,0,81,1,0,0,11,0,0,0,0,0,1,131,0,0,0,0,0,0,2,119,0,0,0,0,0,87,3,2,1,0,70,0,0,0,1,1,0,0,0,0,0,0,0,0,0,0,0,1,0,0,281,0,0,0,18,0,102650,1451188,0,1041,0,0,1459,0,3,1253,33,0,0,0,17,3806,91392,176233,5300736
0hZEqJ5eMVjU21HAG7Ii,7,2,0,0,0,0,0,0,0,4,0,0,80,1,0,0,11,0,0,0,0,0,2,132,0,0,0,0,0,0,3,119,0,0,0,0,0,87,5,1,0,0,77,0,0,0,1,0,0,0,0,0,0,0,0,0,0,0,0,1,0,0,279,0,0,0,14,0,104234,1451188,0,1041,0,0,1474,0,3,1253,33,0,0,0,17,3821,91392,176674,5300736
ibDT9XVyqJNrcztvEHgF,7,3,0,0,0,0,0,0,0,5,0,0,157,1,1,0,12,0,0,0,0,0,3,127,0,0,0,0,0,0,4,119,0,0,0,0,0,89,8,0,0,0,72,0,0,0,1,0,0,0,0,0,0,0,0,0,0,0,0,1,0,0,366,0,0,0,17,2,104641,1451188,0,1041,0,0,1462,0,3,1444,33,0,0,0,17,4000,91392,184913,5300736
cYb4XuNSqOA9IFLHseG1,5,160,1,0,5,77,2,1,7,90,2,16,360,4,38,0,166,0,76,3,10,7,183,379,1,16,6,1,4,2,343,399,28,23,16,117,2,116,116,129,75,2,1371,3,17,2,1,9,7,2,3,29,67,2,4,8,12,2,4,2,3,36,1244,2,113,15,2278,164,49963,317436,0,215256,0,331,525,0,3,6229,0,0,0,0,17,230736,35840,10156822,2078720
CRrAOvzk452LVZIGMWsq,5,32,0,0,1,16,0,0,6,17,0,15,90,0,1,0,79,0,25,0,0,1,42,210,0,1,1,0,0,13,158,76,0,2,15,43,1,20,75,23,2,0,566,0,0,0,2,9,0,1,0,3,9,0,0,0,25,1,0,0,0,3,325,0,46,35,743,22,126565,1369564,0,5294,0,298,928,0,3,2539,0,0,0,0,17,243131,102144,10013592,5924352
1IpWLz6eyhVxDAfQMKEd,5,25,0,2,1,20,0,2,4,12,0,29,133,1,1,1,83,1,19,1,2,0,59,263,1,0,0,1,0,1,216,85,2,4,29,43,1,26,72,13,7,0,721,0,7,1,2,2,1,1,1,0,0,1,0,1,21,1,0,1,0,0,439,1,52,27,630,17,59892,495068,0,0,0,0,0,3,3,0,0,0,0,0,17,245779,47360,9873642,2746880
40KRbGeQZ8PwcUgt5joa,5,28,1,0,0,19,0,0,3,19,0,20,119,0,1,0,87,0,33,0,1,0,82,259,0,1,0,0,0,6,212,93,1,2,21,48,1,31,86,11,1,0,802,1,3,0,2,5,0,1,0,0,1,0,0,1,26,0,0,0,0,1,371,0,33,23,674,24,46764,273008,0,4936,0,0,7640,3,3,3079,0,0,0,0,17,238429,33280,9725833,1930240
fyH8oWql4rg7tEJSLpIB,5,31,1,0,1,23,0,0,2,27,1,13,100,0,0,0,82,0,20,0,3,0,64,262,0,1,0,0,0,0,205,96,0,3,13,45,0,16,77,14,1,0,679,0,4,0,2,0,0,0,0,1,0,0,0,0,13,0,0,0,0,0,411,0,47,28,762,15,44074,270244,0,0,0,249,0,3,3,0,0,0,0,0,19,242660,33280,9952957,1930240
ei0C84XpoqcAS6v5ZExI,5,35,1,0,0,35,0,0,7,27,0,24,108,0,4,0,99,0,36,0,0,0,61,237,0,1,0,0,1,0,182,224,1,0,24,49,0,27,57,19,1,0,652,0,2,0,4,11,0,0,0,4,8,0,0,0,28,1,0,0,0,2,481,0,42,23,851,17,56866,400372,0,4952,3298,513,678,0,3,0,0,0,9213,0,17,241937,41472,9967093,2405376
DEyOUKzN2g8suv96eYoC,5,25,0,0,0,47,0,0,0,27,0,18,146,0,3,0,57,0,36,0,0,0,67,281,0,1,0,0,0,0,242,95,0,2,18,40,0,31,59,15,0,0,861,2,3,0,1,0,1,0,0,5,5,0,0,1,19,0,0,0,0,1,358,0,63,38,928,27,70905,630152,0,9406,6,242,3180,0,3,3312,0,0,0,0,17,18234,55040,848838,3192320
0qjuDC7Rhx9rHkLlItAp,5,34,1,1,0,56,1,1,2,18,0,28,131,0,6,0,85,0,30,0,0,1,64,259,0,2,1,0,0,0,203,91,0,5,28,57,0,30,76,23,0,0,744,0,2,0,2,10,1,0,0,5,11,0,0,1,28,0,0,0,0,5,349,0,65,38,847,20,59478,459148,0,6638,3,271,668,0,3,0,0,0,0,0,17,235532,45056,9315742,2613248
bGPHZFpAL3N957064wzj,5,14,0,0,1,44,0,0,0,51,0,11,116,0,22,0,88,0,48,0,1,0,40,201,0,0,0,0,0,0,160,99,0,3,11,83,0,18,77,29,0,0,456,0,0,1,2,0,0,0,0,7,30,0,0,0,15,0,0,0,0,11,298,0,62,13,728,71,44688,273940,0,5266,6,37,318,0,3,2883,0,0,0,0,17,11636,32768,565825,1900544
B6dzEY3kKIn8me9McfGg,5,29,0,0,0,27,0,0,1,26,0,20,86,0,1,0,55,0,34,0,0,0,66,265,0,4,0,0,0,0,190,112,0,5,20,52,1,19,77,27,3,0,639,0,1,0,4,0,0,1,0,5,5,1,1,0,16,0,0,0,0,3,290,0,44,30,612,14,145207,1553984,0,7121,9,0,1012,0,3,2986,0,0,0,0,17,22465,115456,988522,6696448
GbTUXFYkMoafQSe1zN94,5,35,0,0,0,29,0,0,7,25,0,26,128,0,3,0,109,0,40,0,2,0,50,271,0,1,0,0,0,0,217,96,0,0,26,57,1,28,69,17,1,0,734,0,2,0,1,2,0,1,0,6,8,0,1,0,33,0,0,0,0,4,362,0,43,35,1071,20,92549,918780,0,5751,6,453,1076,0,3,9277,0,0,0,0,17,24810,75008,1143346,4350464
2qAtoGOuMQZdmH3y7bEY,5,29,0,1,0,26,0,0,2,25,0,11,112,0,1,0,48,0,21,0,0,0,47,237,0,2,0,0,0,0,169,90,3,2,11,30,1,23,69,18,2,0,688,0,2,0,1,6,0,1,0,6,7,0,0,1,17,0,0,0,0,5,392,0,36,32,803,15,117107,1213300,0,8081,6,249,653,0,3,2875,0,0,0,0,17,30904,92672,1347213,5374976
hZiVAw5nREjHU1qodatK,5,25,1,0,0,0,0,0,1,14,0,0,63,1,2,1,44,0,7,0,0,3,26,69,2,1,0,0,0,0,21,28,1,0,0,26,0,73,17,31,28,0,173,1,0,0,4,2,0,0,0,1,7,0,0,1,1,2,0,1,2,4,80,5,17,0,369,24,107269,21784,0,0,0,269,23,3,3,0,19,187,2704,621,17,3846,21760,267615,1262080
b59dlNEacoYUAyeR4Ipq,5,21,0,0,0,0,0,0,7,22,0,6,26,0,5,0,67,0,8,0,0,1,26,67,0,1,1,0,0,0,65,62,0,0,7,3,0,24,24,35,50,0,465,0,2,0,9,6,0,0,0,0,3,0,1,0,5,0,0,0,0,1,113,1,0,3,525,54,163432,2280798,0,13680,0,399,641,0,0,252,0,0,0,0,17,16510,144896,782230,8403968
