Id,Class,and,jns,popa,jnp,rol,popf,sal,int,jnz,pushf,imul,pop,pusha,jnb,rcr,in,sar,ror,jno,out,jg,xor,sub,cld,neg,jge,idiv,clc,rcl,add,call,adc,xchg,mul,inc,cwd,ret,lea,jz,jmp,jp,mov,js,sbb,jo,not,je,jle,cwde,nop,ja,jb,cli,std,jl,shr,stc,cmc,sti,jecxz,jbe,push,div,dec,shl,or,cmp,00,??,.bss,.data,.edata,.idata,.rdata,.reloc,.rsrc,.text,.tls,BSS,CODE,DATA,HEADER,LOC-asm,LOC-byte,fileSize-asm,fileSize-byte
hZ9FgpT4IDNx2mEi61r7,7,21.0,0.0,0.0,0.0,0.0,0.0,0.0,0.0,7.0,0.0,0.0,157.0,0.0,0.0,0.0,39.0,0.0,0.0,0.0,0.0,0.0,3.0,81.0,0.0,0.0,0.0,0.0,0.0,0.0,3.0,119.0,0.0,0.0,0.0,0.0,0.0,40.0,14.0,2.0,32.0,0.0,70.0,0.0,0.0,0.0,1.0,0.0,0.0,0.0,0.0,0.0,0.0,0.0,0.0,0.0,0.0,0.0,0.0,1.0,0.0,0.0,282.0,0.0,0.0,0.0,95.0,1.0,88613.0,1234104.0,0.0,1039.0,0.0,145.0,252.0,0.0,3.0,1316.0,0.0,0.0,0.0,0.0,17.0,2805.0,77824.0,145300.0,4513792.0
HzvWS4IuPE9idXmlgOAw,2,268.0,22.0,1.0,0.0,2.0,765.0,1.0,40.0,229.0,764.0,1537.0,1552.0,1.0,24.0,1.0,575.0,28.0,23.0,0.0,1.0,59.0,2659.0,553.0,0.0,5.0,46.0,2.0,0.0,0.0,399.0,657.0,3.0,5348.0,3074.0,297.0,0.0,125.0,547.0,231.0,207.0,0.0,11481.0,0.0,4.0,4.0,33.0,7.0,48.0,0.0,6113.0,19.0,56.0,0.0,4.0,121.0,113.0,1.0,0.0,0.0,0.0,11.0,1890.0,9.0,114.0,110.0,4797.0,492.0,32643.0,17372.0,0.0,6387.0,0.0,496.0,21245.0,0.0,0.0,42194.0,0.0,0.0,0.0,0.0,0.0,70322.0,11776.0,3352216.0,683008.0
kAQCMqUNsZDoribmvw84,4,44.0,0.0,0.0,1.0,10.0,5.0,0.0,3.0,31.0,0.0,24.0,139.0,2.0,16.0,0.0,86.0,3.0,26.0,8.0,37.0,9.0,64.0,102.0,1.0,0.0,2.0,15.0,2.0,0.0,105.0,82.0,61.0,55.0,29.0,47.0,17.0,65.0,71.0,24.0,183.0,13.0,231.0,13.0,50.0,1.0,9.0,24.0,1.0,17.0,35.0,15.0,3.0,9.0,17.0,2.0,28.0,1.0,9.0,15.0,24.0,1.0,383.0,15.0,57.0,7.0,466.0,62.0,46536.0,340536.0,0.0,26070.0,3.0,3.0,262672.0,0.0,3.0,3335.0,0.0,0.0,0.0,0.0,17.0,292103.0,40192.0,11481954.0,2331136.0
be2nNEi3PtM5ZoLSusWv,2,259.0,40.0,0.0,0.0,17.0,0.0,3.0,26.0,318.0,0.0,6.0,472.0,0.0,41.0,0.0,303.0,32.0,14.0,0.0,1.0,44.0,406.0,482.0,0.0,12.0,28.0,0.0,0.0,0.0,197.0,335.0,0.0,0.0,10.0,155.0,0.0,320.0,397.0,407.0,376.0,0.0,2248.0,0.0,9.0,0.0,35.0,10.0,9.0,0.0,1.0,10.0,92.0,0.0,1.0,60.0,36.0,1.0,0.0,0.0,0.0,15.0,894.0,2.0,88.0,85.0,2401.0,489.0,141121.0,12104.0,0.0,838490.0,0.0,485.0,39630.0,0.0,0.0,13871.0,0.0,0.0,0.0,0.0,0.0,892476.0,75363.0,38697328.0,4371054.0
0NiOTDde1ktxg954SJFE,3,17.0,0.0,1.0,0.0,0.0,0.0,0.0,0.0,8.0,0.0,0.0,246.0,1.0,0.0,0.0,17.0,0.0,3.0,0.0,0.0,1.0,51.0,263.0,0.0,0.0,0.0,0.0,0.0,0.0,125.0,222.0,10.0,0.0,0.0,0.0,0.0,101.0,46.0,5.0,1.0,0.0,197.0,0.0,11.0,0.0,1.0,0.0,0.0,0.0,2.0,0.0,5.0,0.0,0.0,0.0,0.0,0.0,0.0,0.0,0.0,2.0,526.0,0.0,3.0,0.0,276.0,9.0,168390.0,1488028.0,0.0,1057.0,0.0,141.0,2001.0,0.0,3.0,2552.0,0.0,0.0,0.0,0.0,17.0,5771.0,146432.0,273736.0,8493056.0
8bI2sDvzVOAPKnGXrWpE,3,13.0,0.0,1.0,0.0,0.0,0.0,0.0,0.0,4.0,0.0,0.0,137.0,1.0,0.0,0.0,21.0,0.0,14.0,0.0,0.0,0.0,9.0,138.0,0.0,0.0,0.0,0.0,0.0,0.0,95.0,136.0,6.0,1.0,0.0,1.0,0.0,46.0,39.0,0.0,0.0,0.0,144.0,0.0,6.0,0.0,1.0,0.0,0.0,0.0,1.0,1.0,6.0,0.0,0.0,0.0,0.0,0.0,0.0,0.0,0.0,5.0,275.0,0.0,2.0,0.0,192.0,8.0,168288.0,1491612.0,0.0,1069.0,0.0,126.0,210.0,0.0,3.0,1691.0,0.0,0.0,0.0,0.0,17.0,3116.0,146432.0,165072.0,8493056.0
kKEvpQMV1qzLfeTWDtF2,2,266.0,40.0,0.0,0.0,28.0,0.0,3.0,26.0,318.0,0.0,6.0,484.0,0.0,41.0,0.0,310.0,32.0,18.0,0.0,1.0,44.0,414.0,484.0,0.0,12.0,28.0,0.0,0.0,0.0,205.0,330.0,0.0,0.0,18.0,155.0,0.0,333.0,406.0,419.0,352.0,0.0,2276.0,0.0,9.0,0.0,35.0,10.0,9.0,0.0,1.0,10.0,91.0,0.0,1.0,60.0,48.0,1.0,0.0,0.0,0.0,15.0,899.0,14.0,89.0,85.0,2403.0,488.0,181114.0,11444.0,0.0,30494.0,0.0,434.0,880311.0,0.0,0.0,14089.0,0.0,0.0,0.0,0.0,0.0,925328.0,75356.0,35400049.0,4370610.0
1QTsYc7DZ2VxmfJFUXhN,8,87.0,0.0,1.0,1.0,2.0,1.0,1.0,4.0,68.0,0.0,2.0,32.0,0.0,16.0,1.0,28.0,19.0,2.0,0.0,3.0,9.0,10.0,447.0,0.0,0.0,4.0,0.0,0.0,1.0,419.0,203.0,2.0,5.0,2.0,9.0,0.0,31.0,17.0,78.0,70.0,0.0,2555.0,2.0,3.0,0.0,1.0,3.0,5.0,0.0,0.0,1.0,3.0,0.0,0.0,9.0,2.0,2.0,1.0,2.0,1.0,2.0,127.0,3.0,5.0,31.0,1938.0,184.0,33675.0,9008.0,92.0,4595.0,0.0,206.0,0.0,0.0,3.0,8728.0,0.0,0.0,0.0,0.0,18.0,13642.0,7936.0,964567.0,460288.0
GTQjgZSf6328a5et7wNR,2,39.0,1.0,1.0,0.0,2.0,0.0,0.0,16.0,93.0,0.0,6.0,295.0,1.0,4.0,0.0,205.0,3.0,18.0,0.0,1.0,13.0,125.0,147.0,0.0,1.0,8.0,2.0,0.0,0.0,131.0,349.0,0.0,0.0,6.0,55.0,0.0,49.0,353.0,119.0,73.0,0.0,1040.0,0.0,1.0,3.0,2.0,15.0,10.0,0.0,0.0,4.0,23.0,0.0,0.0,31.0,1.0,0.0,0.0,0.0,0.0,11.0,433.0,5.0,14.0,5.0,1123.0,227.0,8692.0,43468.0,0.0,578.0,0.0,441.0,978.0,0.0,0.0,6420.0,0.0,0.0,0.0,0.0,0.0,8417.0,4096.0,503677.0,237568.0
gm6EuQ9WT1AbsPJOSnKc,9,50.0,0.0,0.0,0.0,2.0,0.0,0.0,2.0,19.0,0.0,0.0,120.0,0.0,0.0,0.0,33.0,0.0,2.0,0.0,0.0,0.0,374.0,260.0,0.0,0.0,0.0,0.0,0.0,0.0,96.0,124.0,52.0,0.0,0.0,0.0,0.0,46.0,167.0,45.0,1.0,0.0,91.0,0.0,100.0,0.0,1.0,8.0,2.0,0.0,0.0,27.0,49.0,0.0,0.0,83.0,0.0,0.0,0.0,0.0,0.0,0.0,375.0,2.0,0.0,0.0,1423.0,130.0,179980.0,404.0,0.0,90.0,0.0,262.0,1090.0,0.0,0.0,68430.0,0.0,0.0,0.0,0.0,18.0,69890.0,83200.0,8784142.0,4825600.0
GBpWNc6frYvmq57wyxgX,4,42.0,0.0,1.0,12.0,13.0,55.0,0.0,1.0,62.0,0.0,58.0,293.0,0.0,2.0,0.0,130.0,53.0,49.0,0.0,113.0,2.0,34.0,71.0,0.0,0.0,2.0,54.0,0.0,0.0,128.0,71.0,119.0,51.0,59.0,18.0,0.0,78.0,19.0,8.0,256.0,0.0,461.0,0.0,24.0,0.0,12.0,5.0,0.0,0.0,19.0,20.0,3.0,0.0,0.0,0.0,64.0,2.0,43.0,51.0,5.0,1.0,487.0,54.0,172.0,3.0,599.0,180.0,21963.0,91300.0,0.0,32424.0,3.0,3.0,96272.0,0.0,3.0,4424.0,0.0,0.0,0.0,0.0,17.0,133146.0,15104.0,5418256.0,876032.0
75yjfqgYnbkFS4xd2mWN,3,18.0,0.0,1.0,0.0,0.0,0.0,0.0,0.0,6.0,0.0,0.0,145.0,1.0,0.0,0.0,29.0,0.0,9.0,0.0,0.0,0.0,9.0,135.0,0.0,0.0,0.0,0.0,0.0,0.0,96.0,137.0,7.0,0.0,0.0,1.0,0.0,46.0,36.0,0.0,0.0,0.0,252.0,0.0,7.0,0.0,1.0,0.0,0.0,0.0,1.0,1.0,3.0,0.0,0.0,0.0,0.0,0.0,0.0,0.0,0.0,3.0,356.0,0.0,1.0,0.0,267.0,5.0,167219.0,1491612.0,0.0,1071.0,0.0,124.0,218.0,0.0,3.0,1809.0,0.0,0.0,0.0,0.0,17.0,3242.0,146432.0,171732.0,8493056.0
IjcoL9OvTtrmEYgidSNQ,2,227.0,20.0,1.0,0.0,7.0,1.0,0.0,15.0,46.0,1.0,33.0,255.0,1.0,24.0,2.0,173.0,27.0,12.0,0.0,0.0,16.0,143.0,405.0,0.0,17.0,14.0,0.0,0.0,0.0,217.0,254.0,29.0,0.0,45.0,69.0,0.0,120.0,197.0,61.0,87.0,0.0,1861.0,0.0,14.0,0.0,49.0,2.0,0.0,0.0,2.0,5.0,88.0,0.0,2.0,25.0,15.0,0.0,0.0,0.0,0.0,18.0,330.0,5.0,44.0,57.0,1623.0,194.0,205894.0,8784.0,0.0,4678.0,0.0,515.0,7298.0,0.0,0.0,7237.0,0.0,0.0,0.0,0.0,0.0,104958.0,111360.0,12122947.0,6458880.0
ATDpmb5qodJ1VRrc9KNg,2,954.0,40.0,0.0,0.0,21.0,29.0,4.0,58.0,1104.0,29.0,186.0,2483.0,0.0,189.0,1.0,874.0,103.0,33.0,0.0,14.0,153.0,1262.0,2495.0,4.0,54.0,80.0,2.0,2.0,0.0,2413.0,1549.0,1.0,4.0,245.0,589.0,3.0,1458.0,1186.0,1391.0,818.0,0.0,13137.0,2.0,31.0,1.0,116.0,9.0,113.0,3.0,2.0,83.0,502.0,0.0,7.0,285.0,384.0,0.0,0.0,1.0,0.0,230.0,3953.0,50.0,569.0,387.0,7918.0,1815.0,583648.0,10656.0,0.0,34902.0,0.0,372.0,1224290.0,0.0,0.0,58765.0,0.0,0.0,0.0,0.0,0.0,1318329.0,105540.0,50775554.0,6121306.0
HxiWO1uaVGkR65QoAwYD,3,16.0,0.0,1.0,0.0,0.0,0.0,0.0,0.0,5.0,0.0,0.0,137.0,1.0,0.0,0.0,17.0,0.0,17.0,0.0,0.0,0.0,10.0,136.0,0.0,0.0,0.0,0.0,0.0,0.0,97.0,137.0,1.0,0.0,0.0,1.0,0.0,46.0,50.0,1.0,0.0,0.0,150.0,0.0,6.0,0.0,1.0,0.0,0.0,0.0,1.0,1.0,2.0,0.0,0.0,0.0,0.0,0.0,0.0,0.0,0.0,1.0,272.0,0.0,2.0,0.0,199.0,4.0,167265.0,1491612.0,0.0,1068.0,0.0,129.0,213.0,0.0,3.0,1712.0,0.0,0.0,0.0,0.0,17.0,3142.0,146432.0,166996.0,8493056.0
9SOPAylKjf2HnxEhRC6I,3,17.0,0.0,1.0,0.0,0.0,0.0,0.0,0.0,9.0,0.0,0.0,172.0,1.0,0.0,0.0,17.0,0.0,3.0,0.0,0.0,0.0,8.0,135.0,0.0,0.0,0.0,0.0,0.0,0.0,190.0,171.0,2.0,1.0,0.0,0.0,0.0,46.0,37.0,4.0,1.0,0.0,159.0,0.0,4.0,0.0,1.0,3.0,0.0,0.0,0.0,1.0,2.0,0.0,0.0,0.0,0.0,0.0,0.0,0.0,0.0,0.0,367.0,0.0,3.0,0.0,191.0,6.0,167805.0,1490076.0,0.0,1039.0,0.0,141.0,219.0,0.0,3.0,1996.0,0.0,0.0,0.0,0.0,17.0,3415.0,146432.0,180491.0,8493056.0
4JlgupTC2XdIvxE1oHjq,6,27.0,0.0,0.0,0.0,0.0,0.0,0.0,2.0,37.0,0.0,0.0,62.0,0.0,1.0,0.0,24.0,1.0,6.0,0.0,0.0,3.0,39.0,55.0,0.0,0.0,1.0,0.0,0.0,0.0,72.0,110.0,0.0,0.0,0.0,0.0,0.0,20.0,102.0,48.0,14.0,0.0,314.0,0.0,0.0,0.0,2.0,1.0,5.0,0.0,0.0,2.0,6.0,0.0,0.0,20.0,1.0,0.0,0.0,0.0,0.0,4.0,328.0,0.0,0.0,1.0,356.0,64.0,22827.0,61656.0,0.0,125140.0,0.0,180.0,451.0,0.0,0.0,1971.0,0.0,0.0,0.0,0.0,17.0,127770.0,12544.0,5587126.0,727552.0
dHjMq0s9tDrBS6Fp7TuI,1,655.0,5.0,0.0,0.0,20.0,0.0,0.0,32.0,591.0,1.0,15.0,1226.0,1.0,38.0,0.0,751.0,22.0,9.0,0.0,14.0,73.0,427.0,283.0,0.0,86.0,51.0,2.0,0.0,8.0,291.0,468.0,0.0,1.0,15.0,161.0,0.0,523.0,979.0,968.0,680.0,3.0,4270.0,7.0,88.0,5.0,3.0,289.0,36.0,0.0,10.0,30.0,89.0,0.0,0.0,257.0,16.0,0.0,0.0,1.0,0.0,61.0,2059.0,6.0,103.0,13.0,4680.0,963.0,22609.0,812.0,0.0,943.0,0.0,874.0,0.0,3.0,3.0,39518.0,0.0,0.0,0.0,0.0,19.0,41360.0,15104.0,2755987.0,876032.0
g4Ls62ly8VRruEBZID9v,2,256.0,40.0,0.0,0.0,17.0,0.0,3.0,26.0,318.0,0.0,6.0,471.0,0.0,41.0,0.0,296.0,32.0,13.0,0.0,1.0,44.0,407.0,482.0,0.0,12.0,28.0,0.0,0.0,0.0,195.0,333.0,0.0,0.0,10.0,155.0,0.0,318.0,395.0,407.0,349.0,0.0,2238.0,0.0,9.0,0.0,35.0,8.0,9.0,0.0,1.0,10.0,90.0,0.0,1.0,60.0,36.0,1.0,0.0,0.0,0.0,15.0,894.0,2.0,88.0,85.0,2369.0,487.0,147660.0,12876.0,0.0,838752.0,0.0,408.0,39656.0,0.0,0.0,13786.0,0.0,0.0,0.0,0.0,0.0,892602.0,75346.0,38316981.0,4370042.0
4MBXbUW23oprHNGIRlaw,9,111.0,0.0,0.0,0.0,2.0,0.0,0.0,2.0,57.0,0.0,0.0,29.0,0.0,0.0,0.0,45.0,0.0,4.0,0.0,0.0,0.0,217.0,311.0,0.0,0.0,0.0,0.0,0.0,0.0,227.0,111.0,225.0,0.0,0.0,0.0,0.0,45.0,82.0,61.0,1.0,0.0,188.0,0.0,156.0,0.0,1.0,8.0,6.0,0.0,0.0,11.0,31.0,0.0,0.0,87.0,0.0,0.0,0.0,0.0,0.0,0.0,284.0,2.0,0.0,0.0,1178.0,122.0,30817.0,484.0,0.0,896.0,0.0,308.0,736.0,0.0,0.0,11070.0,0.0,0.0,0.0,0.0,18.0,13028.0,10752.0,1299365.0,623616.0
19emSiJG8vrZgT2zXEIY,8,45.0,0.0,1.0,1.0,2.0,3.0,0.0,2.0,62.0,2.0,5.0,38.0,2.0,15.0,1.0,82.0,14.0,0.0,3.0,7.0,9.0,15.0,463.0,0.0,0.0,6.0,1.0,2.0,1.0,387.0,173.0,4.0,6.0,5.0,12.0,1.0,27.0,18.0,69.0,69.0,1.0,2418.0,1.0,7.0,2.0,1.0,1.0,8.0,1.0,0.0,1.0,4.0,1.0,2.0,10.0,0.0,0.0,0.0,2.0,1.0,3.0,131.0,4.0,18.0,16.0,1864.0,171.0,27886.0,5836.0,7164.0,9829.0,0.0,147.0,0.0,0.0,3.0,8575.0,0.0,0.0,0.0,0.0,18.0,25736.0,7680.0,1428940.0,445440.0
GoYCdUnVlSbXwk8I9r1O,3,9.0,0.0,1.0,0.0,3.0,0.0,0.0,0.0,4.0,0.0,0.0,94.0,1.0,0.0,0.0,28.0,0.0,3.0,0.0,0.0,0.0,47.0,67.0,0.0,0.0,0.0,0.0,0.0,0.0,65.0,127.0,1.0,0.0,0.0,0.0,0.0,16.0,12.0,1.0,0.0,0.0,56.0,0.0,4.0,0.0,1.0,3.0,0.0,0.0,0.0,1.0,0.0,0.0,0.0,0.0,0.0,0.0,0.0,0.0,0.0,0.0,123.0,0.0,2.0,0.0,156.0,2.0,167474.0,1498268.0,0.0,1018.0,0.0,193.0,218.0,0.0,3.0,970.0,0.0,0.0,0.0,0.0,17.0,2419.0,146688.0,127403.0,8507904.0
04mcPSei852tgIKUwTJr,9,227.0,0.0,0.0,0.0,2.0,0.0,0.0,4.0,69.0,0.0,0.0,203.0,0.0,0.0,0.0,37.0,0.0,4.0,0.0,0.0,0.0,72.0,319.0,0.0,0.0,0.0,0.0,0.0,0.0,73.0,133.0,257.0,1.0,0.0,0.0,0.0,62.0,358.0,81.0,1.0,0.0,46.0,0.0,296.0,0.0,1.0,2.0,5.0,0.0,0.0,82.0,47.0,0.0,0.0,67.0,0.0,0.0,0.0,0.0,0.0,0.0,481.0,2.0,0.0,0.0,1163.0,154.0,45215.0,388.0,0.0,342.0,0.0,243.0,1133.0,0.0,0.0,11379.0,0.0,0.0,0.0,0.0,18.0,13115.0,10752.0,1232205.0,623616.0
jGqYz9DaFMOWUlSwJBge,9,505.0,5.0,0.0,0.0,50.0,2.0,1.0,7.0,1260.0,5.0,92.0,1795.0,0.0,55.0,2.0,726.0,62.0,36.0,0.0,5.0,159.0,766.0,2743.0,8.0,54.0,61.0,20.0,0.0,0.0,1080.0,2230.0,10.0,1.0,104.0,570.0,1.0,704.0,1181.0,1672.0,1248.0,0.0,8045.0,7.0,39.0,0.0,48.0,3.0,107.0,1.0,0.0,111.0,237.0,0.0,9.0,220.0,75.0,0.0,0.0,0.0,0.0,82.0,4724.0,35.0,262.0,57.0,8499.0,2428.0,52168.0,224980.0,0.0,7940.0,0.0,527.0,0.0,0.0,3.0,53430.0,0.0,0.0,0.0,0.0,20.0,61920.0,26624.0,3733449.0,1544192.0
CL5Moas9hliPGv6nYSyj,6,88.0,0.0,1.0,0.0,0.0,0.0,0.0,0.0,125.0,0.0,0.0,129.0,0.0,1.0,0.0,161.0,0.0,0.0,0.0,0.0,0.0,183.0,805.0,0.0,0.0,0.0,0.0,0.0,0.0,105.0,632.0,0.0,9.0,0.0,13.0,0.0,197.0,707.0,168.0,99.0,0.0,4756.0,0.0,0.0,0.0,2.0,23.0,0.0,0.0,98.0,0.0,1.0,0.0,0.0,0.0,3.0,0.0,0.0,0.0,0.0,1.0,624.0,0.0,4.0,1.0,1575.0,90.0,105533.0,26748.0,17.0,317401.0,0.0,152.0,0.0,0.0,3.0,14602.0,0.0,0.0,0.0,0.0,17.0,523042.0,36352.0,22808064.0,2108416.0
E5SkPYDzxpyMwtXTWZ8a,2,224.0,20.0,1.0,0.0,4.0,9.0,0.0,19.0,53.0,9.0,220.0,315.0,1.0,18.0,2.0,214.0,18.0,12.0,0.0,0.0,17.0,282.0,585.0,5.0,6.0,14.0,0.0,0.0,0.0,414.0,224.0,2.0,0.0,312.0,65.0,0.0,237.0,237.0,147.0,102.0,2.0,2719.0,0.0,6.0,0.0,143.0,12.0,0.0,0.0,9.0,10.0,91.0,0.0,10.0,25.0,98.0,0.0,0.0,0.0,0.0,16.0,400.0,74.0,50.0,58.0,2165.0,227.0,160247.0,11632.0,0.0,25834.0,0.0,631.0,27809.0,0.0,0.0,92155.0,0.0,0.0,0.0,0.0,0.0,146429.0,110336.0,13479211.0,6399488.0
eBAwuWTRKbtjQsPSU7ai,8,89.0,0.0,47.0,0.0,3.0,0.0,0.0,5.0,67.0,1.0,1.0,80.0,1.0,15.0,0.0,27.0,19.0,3.0,1.0,2.0,9.0,11.0,466.0,0.0,0.0,5.0,0.0,0.0,0.0,423.0,203.0,6.0,12.0,2.0,6.0,0.0,47.0,18.0,77.0,74.0,0.0,2569.0,1.0,7.0,0.0,2.0,2.0,5.0,0.0,1.0,0.0,49.0,0.0,1.0,10.0,2.0,1.0,0.0,1.0,0.0,48.0,129.0,2.0,9.0,30.0,1989.0,181.0,28247.0,9008.0,92.0,4595.0,0.0,206.0,0.0,0.0,3.0,10325.0,0.0,0.0,0.0,0.0,18.0,15239.0,7936.0,1040560.0,460288.0
EihqA5TIw9bVjH1oPFdx,2,268.0,22.0,1.0,0.0,2.0,765.0,1.0,40.0,229.0,764.0,3065.0,1552.0,1.0,24.0,0.0,578.0,28.0,24.0,0.0,1.0,59.0,8007.0,553.0,0.0,5.0,46.0,2.0,0.0,0.0,399.0,657.0,2.0,2292.0,6130.0,298.0,0.0,125.0,547.0,232.0,207.0,2.0,13009.0,1.0,4.0,3.0,33.0,9.0,48.0,0.0,3820.0,20.0,55.0,0.0,4.0,122.0,113.0,1.0,0.0,0.0,0.0,11.0,1890.0,9.0,114.0,110.0,10148.0,492.0,33527.0,17372.0,0.0,6387.0,0.0,496.0,21245.0,0.0,0.0,46777.0,0.0,0.0,0.0,0.0,0.0,74905.0,12544.0,3614284.0,727552.0
C6tAxBY5P38WivqHs1uG,2,69.0,0.0,1.0,0.0,4.0,9.0,0.0,19.0,23.0,9.0,26.0,178.0,1.0,19.0,2.0,140.0,1.0,12.0,0.0,0.0,0.0,89.0,276.0,10.0,2.0,0.0,0.0,0.0,0.0,189.0,170.0,0.0,0.0,49.0,10.0,0.0,105.0,132.0,37.0,46.0,0.0,1384.0,0.0,3.0,0.0,32.0,6.0,0.0,0.0,13.0,11.0,104.0,0.0,10.0,1.0,6.0,0.0,0.0,0.0,0.0,21.0,247.0,5.0,9.0,17.0,1241.0,152.0,222993.0,9904.0,0.0,2432290.0,0.0,517.0,27599.0,0.0,0.0,5413.0,0.0,0.0,0.0,0.0,0.0,2465819.0,157440.0,105815861.0,9131520.0
5Um2hXGgeCVPwdtInObq,1,773.0,9.0,0.0,0.0,100.0,3.0,0.0,32.0,1231.0,6.0,236.0,2312.0,1.0,105.0,2.0,806.0,43.0,4.0,0.0,11.0,63.0,1304.0,616.0,1.0,76.0,51.0,88.0,0.0,3.0,743.0,757.0,1.0,1.0,253.0,511.0,0.0,900.0,1658.0,2041.0,1388.0,0.0,12620.0,9.0,58.0,2.0,5.0,24.0,105.0,0.0,0.0,77.0,334.0,6.0,0.0,263.0,178.0,0.0,0.0,6.0,0.0,174.0,4199.0,220.0,306.0,153.0,11290.0,2342.0,93857.0,4864.0,0.0,56253.0,0.0,826.0,0.0,3.0,3.0,72536.0,0.0,0.0,0.0,0.0,17.0,129638.0,19968.0,6980099.0,1158144.0
FfoZNXGPOT5tvqRSxmYV,2,402.0,42.0,0.0,0.0,20.0,23.0,3.0,28.0,358.0,23.0,120.0,799.0,0.0,61.0,0.0,310.0,42.0,19.0,0.0,1.0,47.0,570.0,846.0,18.0,19.0,29.0,3.0,0.0,0.0,547.0,434.0,0.0,0.0,308.0,164.0,2.0,511.0,570.0,483.0,410.0,0.0,3302.0,0.0,14.0,0.0,34.0,8.0,15.0,2.0,9.0,19.0,146.0,0.0,21.0,75.0,144.0,0.0,0.0,0.0,0.0,35.0,1267.0,55.0,106.0,98.0,3221.0,617.0,134213.0,9052.0,0.0,30896.0,0.0,342.0,855928.0,0.0,0.0,19947.0,0.0,0.0,0.0,0.0,0.0,907113.0,77120.0,34308226.0,4472922.0
fdMKx46g3GqtF0oLsPNU,3,49.0,0.0,0.0,0.0,0.0,0.0,0.0,0.0,15.0,0.0,0.0,268.0,1.0,0.0,0.0,20.0,0.0,10.0,0.0,0.0,0.0,8.0,222.0,0.0,0.0,0.0,0.0,0.0,0.0,123.0,270.0,3.0,0.0,0.0,2.0,0.0,166.0,56.0,3.0,0.0,0.0,188.0,0.0,10.0,0.0,1.0,0.0,0.0,0.0,1.0,2.0,2.0,0.0,0.0,0.0,1.0,0.0,0.0,0.0,0.0,2.0,532.0,0.0,1.0,0.0,218.0,8.0,164913.0,1536156.0,0.0,783882.0,0.0,128.0,589.0,0.0,3.0,3310.0,0.0,0.0,0.0,0.0,19.0,787931.0,146432.0,34285830.0,8493056.0
fRGHdh4L2OpgNYTJ9zQP,1,178.0,1.0,0.0,0.0,23.0,2.0,0.0,37.0,309.0,5.0,20.0,556.0,1.0,11.0,2.0,414.0,9.0,18.0,0.0,0.0,25.0,239.0,163.0,8.0,16.0,14.0,0.0,0.0,0.0,242.0,519.0,0.0,2.0,34.0,134.0,0.0,236.0,256.0,439.0,244.0,0.0,2016.0,0.0,16.0,7.0,24.0,4.0,11.0,0.0,0.0,29.0,86.0,1.0,9.0,30.0,46.0,0.0,0.0,2.0,0.0,21.0,742.0,7.0,61.0,8.0,2213.0,586.0,33824.0,6928.0,0.0,3078.0,0.0,308.0,0.0,3.0,3.0,14322.0,0.0,0.0,0.0,0.0,19.0,17733.0,9472.0,1011788.0,549376.0
J1pSxIYHluoVsGXdUOrc,3,10.0,0.0,1.0,0.0,0.0,0.0,0.0,0.0,9.0,0.0,0.0,177.0,1.0,0.0,0.0,14.0,0.0,6.0,0.0,0.0,0.0,13.0,125.0,0.0,0.0,0.0,0.0,0.0,0.0,189.0,169.0,3.0,1.0,0.0,1.0,0.0,46.0,37.0,2.0,1.0,0.0,152.0,0.0,5.0,0.0,1.0,0.0,0.0,0.0,0.0,1.0,2.0,0.0,0.0,0.0,0.0,0.0,0.0,0.0,0.0,0.0,386.0,0.0,1.0,0.0,193.0,5.0,167802.0,1489564.0,0.0,1021.0,0.0,144.0,211.0,0.0,3.0,1996.0,0.0,0.0,0.0,0.0,19.0,3394.0,146432.0,180482.0,8493056.0
1RKde4WYoA7c5N8lEHtv,1,56.0,0.0,0.0,0.0,2.0,0.0,0.0,9.0,94.0,0.0,5.0,261.0,1.0,3.0,2.0,109.0,4.0,3.0,0.0,0.0,6.0,102.0,532.0,0.0,23.0,2.0,6.0,0.0,0.0,167.0,377.0,1.0,0.0,11.0,21.0,0.0,227.0,152.0,231.0,88.0,0.0,1351.0,0.0,8.0,0.0,25.0,6.0,8.0,0.0,0.0,2.0,12.0,0.0,0.0,15.0,14.0,0.0,0.0,0.0,0.0,7.0,581.0,12.0,29.0,13.0,1117.0,87.0,48789.0,4600.0,0.0,3788.0,0.0,460.0,1071.0,3.0,3.0,8160.0,0.0,0.0,0.0,0.0,17.0,13502.0,9216.0,714034.0,534528.0
jK9SZWNRLUAhvt8o5Ycx,8,58.0,1.0,10.0,0.0,2.0,0.0,0.0,16.0,19.0,0.0,5.0,28.0,1.0,70.0,0.0,186.0,3.0,4.0,1.0,4.0,0.0,29.0,90.0,0.0,0.0,0.0,0.0,0.0,0.0,95.0,32.0,2.0,2.0,5.0,43.0,1.0,17.0,17.0,20.0,59.0,1.0,490.0,0.0,0.0,0.0,1.0,4.0,0.0,1.0,0.0,0.0,9.0,1.0,1.0,1.0,1.0,0.0,1.0,0.0,0.0,9.0,79.0,0.0,27.0,2.0,1034.0,120.0,54592.0,230540.0,0.0,4155.0,0.0,661.0,11503.0,3.0,3.0,3175.0,0.0,0.0,0.0,0.0,18.0,19518.0,19712.0,944502.0,1143296.0
IUVTHk0fbcLtrx91MeRh,9,272.0,0.0,2.0,0.0,17.0,0.0,0.0,50.0,146.0,0.0,119.0,483.0,0.0,0.0,0.0,301.0,9.0,18.0,0.0,24.0,420.0,460.0,2580.0,0.0,8.0,414.0,0.0,0.0,0.0,633.0,1715.0,4.0,0.0,119.0,2.0,0.0,257.0,391.0,596.0,1060.0,0.0,6725.0,0.0,0.0,0.0,1.0,51.0,310.0,0.0,0.0,0.0,0.0,0.0,11.0,320.0,2.0,0.0,0.0,0.0,0.0,0.0,2536.0,7.0,6.0,104.0,7607.0,758.0,103950.0,2744.0,0.0,155178.0,0.0,1797.0,2584.0,0.0,0.0,25465.0,0.0,0.0,0.0,0.0,18.0,185042.0,16128.0,8424612.0,935424.0
h4BSMuatm2gwqDs8dLJk,9,200.0,0.0,0.0,0.0,4.0,0.0,0.0,0.0,42.0,0.0,0.0,407.0,0.0,0.0,0.0,17.0,0.0,2.0,0.0,0.0,0.0,293.0,295.0,0.0,0.0,0.0,0.0,0.0,0.0,112.0,151.0,30.0,0.0,0.0,0.0,0.0,45.0,501.0,40.0,1.0,0.0,159.0,0.0,360.0,0.0,1.0,2.0,4.0,0.0,0.0,215.0,31.0,0.0,0.0,58.0,0.0,0.0,0.0,0.0,0.0,0.0,737.0,2.0,0.0,0.0,1282.0,219.0,46567.0,304.0,0.0,305.0,0.0,215.0,1342.0,0.0,0.0,12758.0,0.0,0.0,0.0,0.0,18.0,14638.0,10752.0,1362728.0,623616.0
FgNfZ29dIxl83YzRJ1ae,2,362.0,20.0,1.0,0.0,17.0,1.0,15.0,18.0,44.0,1.0,18.0,204.0,1.0,16.0,2.0,241.0,20.0,15.0,0.0,0.0,16.0,340.0,354.0,2.0,11.0,14.0,0.0,4.0,18.0,349.0,226.0,125.0,18.0,29.0,128.0,6.0,225.0,194.0,58.0,136.0,0.0,1627.0,0.0,22.0,0.0,50.0,2.0,0.0,6.0,1.0,3.0,58.0,0.0,1.0,25.0,13.0,0.0,0.0,0.0,0.0,10.0,307.0,4.0,110.0,55.0,1932.0,171.0,208541.0,12340.0,0.0,4357.0,0.0,512.0,7149.0,0.0,0.0,6290.0,0.0,0.0,0.0,0.0,0.0,121948.0,111616.0,12737848.0,6473728.0
BvU3AbFVu1awtI9QGzhR,8,74.0,2.0,0.0,1.0,14.0,1.0,0.0,3.0,62.0,0.0,3.0,34.0,1.0,16.0,1.0,54.0,17.0,1.0,2.0,4.0,8.0,17.0,410.0,1.0,0.0,5.0,1.0,0.0,0.0,390.0,132.0,4.0,9.0,3.0,10.0,0.0,57.0,18.0,70.0,71.0,1.0,2322.0,0.0,6.0,1.0,1.0,4.0,6.0,0.0,1.0,3.0,3.0,2.0,1.0,10.0,2.0,1.0,1.0,1.0,0.0,1.0,176.0,3.0,9.0,23.0,1846.0,174.0,34211.0,8564.0,0.0,6325.0,0.0,245.0,0.0,0.0,3.0,10207.0,0.0,0.0,0.0,0.0,18.0,16890.0,7936.0,1099354.0,460288.0
bhwUq2yFXYSRvVH9JEW6,2,145.0,20.0,1.0,0.0,0.0,1.0,0.0,19.0,37.0,1.0,22.0,104.0,1.0,8.0,2.0,214.0,16.0,14.0,0.0,0.0,16.0,97.0,146.0,0.0,4.0,14.0,0.0,0.0,0.0,66.0,76.0,0.0,0.0,53.0,57.0,0.0,42.0,112.0,58.0,51.0,0.0,689.0,0.0,5.0,0.0,26.0,7.0,0.0,0.0,0.0,1.0,13.0,0.0,1.0,25.0,37.0,0.0,0.0,0.0,0.0,1.0,153.0,21.0,46.0,46.0,1124.0,96.0,155192.0,7624.0,0.0,24890.0,0.0,674.0,24537.0,0.0,0.0,83904.0,0.0,0.0,0.0,0.0,0.0,134005.0,107776.0,12751752.0,6251008.0
JS8ZjyGstceXaxVgH5bE,3,16.0,0.0,1.0,0.0,2.0,0.0,0.0,0.0,9.0,0.0,0.0,192.0,1.0,0.0,0.0,14.0,0.0,3.0,0.0,0.0,1.0,28.0,234.0,0.0,0.0,0.0,0.0,0.0,0.0,98.0,154.0,6.0,1.0,0.0,1.0,0.0,46.0,35.0,1.0,17.0,0.0,163.0,0.0,2.0,0.0,1.0,0.0,0.0,0.0,0.0,0.0,6.0,0.0,0.0,0.0,0.0,0.0,0.0,0.0,0.0,3.0,377.0,0.0,2.0,0.0,213.0,6.0,168186.0,1494172.0,0.0,1022.0,0.0,140.0,221.0,0.0,3.0,2094.0,0.0,0.0,0.0,0.0,17.0,3497.0,146688.0,183587.0,8507904.0
7cnyTvamsXhUi5IdSlZ4,4,15.0,4.0,0.0,5.0,3.0,1.0,4.0,3.0,2.0,2.0,6.0,45.0,1.0,0.0,0.0,55.0,2.0,12.0,0.0,9.0,2.0,17.0,53.0,2.0,0.0,0.0,1.0,4.0,0.0,46.0,35.0,12.0,9.0,6.0,23.0,0.0,13.0,5.0,5.0,4.0,2.0,68.0,2.0,7.0,0.0,6.0,2.0,2.0,0.0,6.0,0.0,10.0,0.0,1.0,8.0,0.0,0.0,0.0,0.0,0.0,7.0,128.0,3.0,20.0,3.0,156.0,15.0,48222.0,347348.0,0.0,264208.0,0.0,130.0,380.0,0.0,3.0,371.0,0.0,0.0,0.0,0.0,17.0,267213.0,40192.0,11748543.0,2331136.0
h8N2BCGYqs1mRnuEgTZi,3,16.0,0.0,1.0,0.0,0.0,0.0,0.0,0.0,2.0,0.0,0.0,137.0,1.0,0.0,0.0,23.0,0.0,20.0,0.0,0.0,0.0,9.0,136.0,0.0,0.0,0.0,0.0,0.0,0.0,97.0,137.0,4.0,0.0,0.0,1.0,0.0,46.0,32.0,2.0,1.0,0.0,154.0,0.0,5.0,0.0,1.0,0.0,0.0,0.0,1.0,1.0,6.0,0.0,0.0,0.0,0.0,0.0,0.0,0.0,0.0,3.0,272.0,0.0,2.0,0.0,196.0,9.0,168245.0,1491612.0,0.0,1064.0,0.0,129.0,211.0,0.0,3.0,1688.0,0.0,0.0,0.0,0.0,17.0,3112.0,146432.0,164980.0,8493056.0
E7MyKF6Tbj2L98GASrYW,7,10.0,0.0,0.0,0.0,6.0,0.0,0.0,12.0,1.0,0.0,0.0,25.0,0.0,0.0,0.0,71.0,0.0,3.0,0.0,4.0,0.0,0.0,14.0,0.0,0.0,0.0,0.0,0.0,0.0,4.0,12.0,0.0,2.0,0.0,1.0,0.0,5.0,4.0,2.0,31.0,0.0,30.0,0.0,0.0,0.0,2.0,2.0,0.0,0.0,0.0,0.0,0.0,0.0,0.0,0.0,1.0,0.0,0.0,0.0,0.0,0.0,37.0,0.0,0.0,1.0,452.0,4.0,260766.0,613664.0,0.0,21009.0,0.0,420.0,0.0,0.0,3.0,27883.0,0.0,0.0,0.0,0.0,17.0,49332.0,79360.0,4513340.0,4602880.0
JY1d3lDuBMqznVF0NISt,2,69.0,0.0,1.0,0.0,4.0,9.0,0.0,17.0,28.0,9.0,36.0,187.0,1.0,22.0,2.0,147.0,1.0,10.0,0.0,0.0,0.0,88.0,326.0,8.0,2.0,0.0,0.0,0.0,0.0,208.0,186.0,0.0,0.0,74.0,8.0,0.0,115.0,141.0,45.0,43.0,0.0,1639.0,0.0,3.0,0.0,47.0,7.0,0.0,0.0,10.0,11.0,110.0,0.0,5.0,1.0,9.0,0.0,0.0,0.0,0.0,21.0,239.0,6.0,12.0,14.0,1461.0,172.0,190507.0,9468.0,0.0,2037236.0,0.0,558.0,26189.0,0.0,0.0,6002.0,0.0,0.0,0.0,0.0,0.0,2069985.0,132864.0,88943260.0,7706112.0
ADE86eHzi79B5JTdmV1g,6,120.0,9.0,15.0,10.0,14.0,11.0,8.0,1.0,10.0,13.0,26.0,229.0,14.0,7.0,15.0,177.0,16.0,16.0,5.0,4.0,7.0,153.0,206.0,22.0,2.0,6.0,12.0,16.0,11.0,175.0,52.0,85.0,137.0,38.0,147.0,16.0,782.0,74.0,9.0,98.0,6.0,638.0,3.0,109.0,8.0,13.0,2.0,4.0,16.0,13.0,5.0,4.0,12.0,9.0,5.0,11.0,19.0,17.0,16.0,1.0,0.0,373.0,22.0,119.0,16.0,894.0,141.0,51604.0,15248.0,0.0,0.0,0.0,253.0,0.0,3.0,3.0,0.0,0.0,17.0,78255.0,1553.0,17.0,80101.0,35840.0,5402219.0,2078720.0
IftFXWmh7B5Alnxy4DbJ,3,15.0,0.0,1.0,0.0,0.0,0.0,0.0,0.0,6.0,0.0,0.0,170.0,1.0,0.0,0.0,17.0,0.0,3.0,0.0,0.0,0.0,10.0,126.0,0.0,1.0,0.0,0.0,0.0,0.0,190.0,171.0,2.0,1.0,0.0,0.0,0.0,46.0,30.0,1.0,0.0,0.0,159.0,0.0,4.0,0.0,1.0,3.0,0.0,0.0,0.0,1.0,1.0,0.0,0.0,0.0,0.0,0.0,0.0,0.0,0.0,1.0,369.0,0.0,2.0,0.0,191.0,3.0,167951.0,1490076.0,0.0,1041.0,0.0,145.0,219.0,0.0,3.0,1952.0,0.0,0.0,0.0,0.0,17.0,3377.0,146432.0,179531.0,8493056.0
2efsFypAKd1kBN9q8V6t,3,28.0,0.0,0.0,0.0,0.0,0.0,0.0,0.0,9.0,0.0,0.0,162.0,1.0,0.0,0.0,12.0,0.0,7.0,0.0,0.0,0.0,17.0,157.0,0.0,0.0,0.0,0.0,0.0,0.0,118.0,168.0,7.0,1.0,0.0,1.0,0.0,55.0,50.0,1.0,0.0,0.0,186.0,0.0,1.0,0.0,1.0,0.0,0.0,0.0,0.0,1.0,3.0,0.0,0.0,0.0,0.0,0.0,0.0,0.0,0.0,2.0,355.0,0.0,2.0,0.0,160.0,6.0,216374.0,2320028.0,0.0,1049.0,0.0,0.0,1500.0,0.0,3.0,2164.0,0.0,0.0,0.0,0.0,19.0,4735.0,195328.0,226919.0,11329024.0
jOZMUJF5waGhqLQbWsYz,4,47.0,0.0,0.0,0.0,8.0,5.0,0.0,2.0,33.0,1.0,24.0,137.0,1.0,14.0,0.0,77.0,2.0,19.0,8.0,38.0,8.0,70.0,97.0,1.0,0.0,1.0,15.0,2.0,0.0,105.0,73.0,57.0,60.0,24.0,38.0,14.0,58.0,63.0,22.0,204.0,14.0,225.0,16.0,50.0,0.0,8.0,26.0,1.0,14.0,35.0,9.0,2.0,7.0,14.0,2.0,24.0,0.0,8.0,14.0,26.0,1.0,359.0,16.0,49.0,13.0,480.0,58.0,7607.0,15928.0,0.0,25842.0,3.0,3.0,16913.0,0.0,3.0,3560.0,0.0,0.0,0.0,0.0,17.0,46341.0,4608.0,2038839.0,267264.0
fJurCwMAdLt9iZhsEFgK,2,165.0,20.0,1.0,0.0,8.0,1.0,0.0,13.0,53.0,1.0,52.0,229.0,1.0,24.0,2.0,139.0,19.0,13.0,0.0,0.0,16.0,127.0,408.0,0.0,18.0,14.0,0.0,0.0,0.0,198.0,256.0,0.0,0.0,68.0,65.0,0.0,105.0,259.0,70.0,90.0,0.0,1761.0,0.0,14.0,0.0,46.0,2.0,0.0,0.0,2.0,5.0,86.0,0.0,1.0,25.0,23.0,0.0,0.0,0.0,0.0,18.0,313.0,8.0,42.0,51.0,1494.0,201.0,174856.0,9648.0,0.0,1620668.0,0.0,439.0,7115.0,0.0,0.0,7294.0,0.0,0.0,0.0,0.0,0.0,1635516.0,106240.0,70228364.0,6161920.0
8ZfvaVLYRC31oPwKBzcE,3,23.0,0.0,1.0,0.0,0.0,0.0,0.0,0.0,6.0,0.0,0.0,170.0,1.0,0.0,0.0,23.0,0.0,6.0,0.0,0.0,0.0,12.0,161.0,0.0,0.0,0.0,0.0,0.0,0.0,119.0,168.0,8.0,0.0,0.0,1.0,0.0,56.0,39.0,4.0,1.0,0.0,195.0,0.0,4.0,0.0,1.0,0.0,0.0,0.0,0.0,1.0,6.0,0.0,0.0,0.0,0.0,0.0,0.0,0.0,0.0,4.0,347.0,0.0,1.0,0.0,144.0,11.0,223243.0,1517724.0,0.0,1052.0,0.0,0.0,1496.0,0.0,3.0,2173.0,0.0,0.0,0.0,0.0,19.0,4743.0,195328.0,226703.0,11329024.0
hqw8ogsWNJYEvS7c0BOk,6,128.0,5.0,12.0,4.0,12.0,15.0,8.0,3.0,8.0,13.0,24.0,180.0,10.0,3.0,12.0,147.0,10.0,16.0,6.0,5.0,10.0,128.0,187.0,12.0,6.0,7.0,10.0,14.0,5.0,157.0,51.0,84.0,125.0,29.0,117.0,15.0,734.0,63.0,2.0,83.0,6.0,554.0,3.0,82.0,4.0,15.0,7.0,3.0,15.0,14.0,8.0,10.0,15.0,14.0,10.0,13.0,20.0,17.0,19.0,6.0,7.0,378.0,28.0,117.0,15.0,803.0,159.0,42905.0,15248.0,0.0,0.0,0.0,253.0,0.0,3.0,3.0,0.0,0.0,17.0,74341.0,1553.0,17.0,76187.0,33792.0,5152733.0,1959936.0
10oTLIHtSwzCN45DysmQ,2,269.0,22.0,1.0,0.0,2.0,765.0,1.0,40.0,230.0,764.0,29041.0,1551.0,1.0,24.0,0.0,576.0,27.0,23.0,0.0,1.0,59.0,27869.0,553.0,0.0,5.0,46.0,2.0,0.0,0.0,397.0,666.0,2.0,5348.0,64194.0,296.0,0.0,124.0,546.0,231.0,208.0,2.0,42800.0,1.0,4.0,3.0,33.0,9.0,47.0,0.0,61120.0,20.0,55.0,0.0,4.0,121.0,113.0,1.0,0.0,0.0,0.0,11.0,1889.0,9.0,114.0,110.0,29967.0,492.0,52134.0,16872.0,0.0,6399.0,0.0,510.0,21260.0,0.0,0.0,214851.0,0.0,0.0,0.0,0.0,0.0,243020.0,29952.0,11149833.0,1737216.0
hait9S86Wk4PR7eBmXOF,1,539.0,58.0,2.0,12.0,124.0,7.0,0.0,125.0,1640.0,10.0,560.0,2671.0,3.0,23.0,0.0,1707.0,1027.0,7.0,0.0,7.0,376.0,1303.0,2007.0,0.0,41.0,275.0,98.0,1.0,6.0,2091.0,662.0,0.0,1.0,740.0,1241.0,2.0,1288.0,1487.0,1049.0,1121.0,16.0,27668.0,6.0,15.0,0.0,9.0,133.0,363.0,2.0,14.0,14.0,87.0,0.0,1.0,799.0,373.0,1.0,2.0,11.0,0.0,48.0,3027.0,155.0,652.0,89.0,20508.0,2033.0,41622.0,173892.0,0.0,8877.0,0.0,360.0,0.0,3.0,3.0,104517.0,0.0,0.0,0.0,0.0,19.0,113779.0,37120.0,7623255.0,2152960.0
HaxgVnrql4bk7FEot9Sm,7,4923.0,35.0,0.0,5.0,1117.0,2.0,3.0,69.0,5025.0,3.0,407.0,11408.0,0.0,885.0,0.0,3353.0,451.0,117.0,0.0,25.0,317.0,7208.0,28588.0,1.0,286.0,182.0,78.0,0.0,0.0,9934.0,21982.0,481.0,54.0,1333.0,1647.0,1.0,6563.0,17323.0,7674.0,8915.0,3.0,81834.0,8.0,248.0,2.0,94.0,59.0,173.0,1.0,42.0,448.0,2237.0,5.0,50.0,408.0,620.0,1.0,0.0,4.0,2.0,814.0,30201.0,184.0,688.0,494.0,53970.0,10621.0,347284.0,29500.0,0.0,17501.0,0.0,846.0,138645.0,3.0,3.0,382667.0,529.0,0.0,0.0,0.0,19.0,540213.0,78848.0,28469127.0,4573184.0
7ViTtBsPRgZQx1mqfHYO,3,11.0,0.0,1.0,0.0,3.0,0.0,0.0,0.0,4.0,0.0,0.0,90.0,1.0,0.0,0.0,24.0,0.0,3.0,0.0,0.0,1.0,43.0,74.0,0.0,0.0,0.0,0.0,0.0,0.0,65.0,121.0,1.0,1.0,0.0,0.0,0.0,16.0,14.0,1.0,1.0,0.0,63.0,0.0,2.0,0.0,1.0,3.0,0.0,0.0,0.0,0.0,1.0,0.0,0.0,0.0,0.0,0.0,0.0,0.0,0.0,0.0,122.0,0.0,2.0,0.0,154.0,1.0,167514.0,1498268.0,0.0,1012.0,0.0,188.0,219.0,0.0,3.0,994.0,0.0,0.0,0.0,0.0,17.0,2433.0,146688.0,127589.0,8507904.0
Bp7tlyMD5zQI2U0gN49E,3,36.0,0.0,0.0,0.0,0.0,0.0,0.0,0.0,8.0,0.0,0.0,179.0,1.0,0.0,0.0,8.0,0.0,10.0,0.0,0.0,0.0,10.0,161.0,0.0,0.0,0.0,0.0,0.0,0.0,121.0,166.0,10.0,0.0,0.0,0.0,0.0,55.0,57.0,1.0,1.0,0.0,190.0,0.0,12.0,0.0,1.0,0.0,0.0,0.0,0.0,1.0,3.0,0.0,0.0,0.0,0.0,0.0,0.0,0.0,0.0,2.0,364.0,0.0,2.0,0.0,150.0,5.0,216255.0,2320028.0,0.0,1064.0,0.0,0.0,1500.0,0.0,3.0,2224.0,0.0,0.0,0.0,0.0,17.0,4808.0,195328.0,230704.0,11329024.0
6VNXsCD0lueo1nw3KO5M,4,54.0,0.0,0.0,3.0,15.0,4.0,0.0,3.0,46.0,3.0,27.0,182.0,2.0,20.0,0.0,99.0,8.0,34.0,9.0,47.0,9.0,79.0,99.0,1.0,0.0,0.0,20.0,0.0,0.0,136.0,93.0,62.0,74.0,28.0,56.0,20.0,90.0,80.0,29.0,367.0,17.0,292.0,17.0,64.0,2.0,13.0,32.0,0.0,20.0,48.0,14.0,5.0,13.0,19.0,2.0,33.0,1.0,14.0,20.0,32.0,2.0,450.0,20.0,68.0,14.0,719.0,72.0,46676.0,338488.0,0.0,28617.0,3.0,3.0,262672.0,0.0,3.0,3723.0,0.0,0.0,0.0,0.0,17.0,295038.0,40192.0,11646361.0,2331136.0
GlO8VUEpCsqcwXioP7zu,3,10.0,0.0,1.0,0.0,0.0,0.0,0.0,0.0,3.0,0.0,0.0,166.0,1.0,0.0,0.0,15.0,0.0,3.0,0.0,0.0,0.0,7.0,124.0,0.0,1.0,0.0,0.0,0.0,0.0,189.0,171.0,5.0,1.0,0.0,0.0,0.0,46.0,35.0,5.0,1.0,0.0,163.0,0.0,6.0,0.0,1.0,3.0,0.0,0.0,0.0,1.0,2.0,0.0,0.0,0.0,0.0,0.0,0.0,0.0,0.0,2.0,366.0,0.0,2.0,0.0,195.0,7.0,168200.0,1490076.0,0.0,1041.0,0.0,143.0,219.0,0.0,3.0,1978.0,0.0,0.0,0.0,0.0,17.0,3401.0,146432.0,180472.0,8493056.0
CLpFEnA496yoGwrdmz78,6,59.0,14.0,1.0,11.0,0.0,0.0,0.0,0.0,12.0,0.0,5.0,89.0,1.0,6.0,1.0,42.0,0.0,1.0,10.0,3.0,10.0,97.0,148.0,3.0,0.0,10.0,1.0,0.0,0.0,151.0,60.0,4.0,8.0,5.0,28.0,2.0,79.0,60.0,18.0,49.0,11.0,375.0,14.0,2.0,10.0,5.0,0.0,12.0,2.0,0.0,9.0,18.0,1.0,2.0,18.0,1.0,1.0,1.0,1.0,0.0,7.0,255.0,3.0,10.0,3.0,699.0,79.0,51661.0,23816.0,0.0,0.0,0.0,176.0,23.0,3.0,3.0,0.0,19.0,17.0,13912.0,1553.0,17.0,15723.0,12288.0,1347268.0,712704.0
iowRTFnvHWejpr4aU3b5,8,82.0,0.0,0.0,0.0,1.0,0.0,0.0,4.0,51.0,0.0,4.0,196.0,0.0,8.0,0.0,70.0,1.0,5.0,0.0,0.0,0.0,86.0,183.0,0.0,2.0,0.0,0.0,0.0,0.0,117.0,230.0,3.0,0.0,4.0,41.0,0.0,150.0,96.0,141.0,48.0,0.0,1180.0,0.0,5.0,0.0,2.0,0.0,1.0,0.0,26.0,3.0,12.0,0.0,0.0,41.0,1.0,0.0,0.0,0.0,0.0,9.0,546.0,0.0,19.0,8.0,867.0,144.0,57604.0,229572.0,0.0,16452.0,0.0,133.0,2841.0,3.0,3.0,6628.0,0.0,0.0,0.0,0.0,20.0,26080.0,19712.0,1277310.0,1143296.0
5102w8Hp4TRkWbIUXSgZ,8,1304.0,5.0,10.0,2.0,1.0,0.0,2.0,37.0,2179.0,0.0,207.0,2689.0,18.0,88.0,4.0,946.0,28.0,19.0,0.0,2.0,77.0,1765.0,4905.0,10.0,59.0,31.0,16.0,1.0,0.0,2840.0,3964.0,33.0,5.0,210.0,797.0,3.0,762.0,1812.0,2675.0,1167.0,2.0,13191.0,6.0,48.0,3.0,57.0,40.0,65.0,3.0,74.0,105.0,695.0,2.0,1.0,96.0,176.0,0.0,0.0,4.0,0.0,327.0,13904.0,39.0,268.0,251.0,16970.0,4096.0,163603.0,456.0,0.0,113834.0,0.0,436.0,68428.0,3.0,3.0,96130.0,0.0,0.0,0.0,0.0,18.0,278852.0,37120.0,12906605.0,2152960.0
Dm2UHLlhcoiM0xGYwVSN,4,18.0,0.0,2.0,1.0,0.0,0.0,0.0,5.0,6.0,0.0,3.0,32.0,1.0,0.0,0.0,9.0,1.0,2.0,1.0,2.0,0.0,22.0,27.0,0.0,0.0,0.0,0.0,0.0,0.0,28.0,3.0,1.0,12.0,3.0,3.0,1.0,23.0,8.0,1.0,128.0,0.0,55.0,0.0,8.0,0.0,1.0,0.0,0.0,1.0,0.0,0.0,0.0,0.0,1.0,0.0,8.0,0.0,0.0,1.0,0.0,0.0,30.0,0.0,16.0,2.0,231.0,7.0,45935.0,424572.0,0.0,266.0,0.0,87.0,100881.0,0.0,0.0,8287.0,0.0,0.0,0.0,0.0,17.0,109538.0,41728.0,4908970.0,2420224.0
0A32eTdBKayjCWhZqDOQ,2,264.0,40.0,0.0,0.0,17.0,0.0,3.0,28.0,318.0,0.0,10.0,471.0,0.0,41.0,0.0,300.0,32.0,12.0,0.0,1.0,44.0,410.0,483.0,0.0,12.0,28.0,0.0,0.0,0.0,197.0,330.0,0.0,0.0,18.0,155.0,0.0,321.0,397.0,411.0,360.0,0.0,2244.0,0.0,9.0,0.0,35.0,8.0,9.0,0.0,1.0,10.0,90.0,0.0,1.0,60.0,42.0,1.0,0.0,0.0,0.0,15.0,886.0,6.0,88.0,85.0,2382.0,488.0,149376.0,11516.0,0.0,842632.0,0.0,455.0,39622.0,0.0,0.0,13801.0,0.0,0.0,0.0,0.0,0.0,896510.0,75105.0,38495501.0,4356052.0
9vig36BctVFzU7bJmQ21,9,151.0,0.0,0.0,0.0,2.0,1.0,1.0,2.0,30.0,0.0,0.0,134.0,0.0,0.0,0.0,37.0,0.0,2.0,0.0,0.0,0.0,45.0,140.0,0.0,0.0,0.0,0.0,0.0,1.0,255.0,70.0,155.0,2.0,0.0,4.0,1.0,68.0,178.0,45.0,12.0,0.0,113.0,0.0,106.0,0.0,1.0,8.0,4.0,1.0,1.0,27.0,30.0,0.0,0.0,52.0,0.0,0.0,1.0,0.0,0.0,0.0,300.0,2.0,3.0,0.0,692.0,83.0,179188.0,404.0,0.0,486.0,0.0,263.0,1270.0,0.0,0.0,68622.0,0.0,0.0,0.0,0.0,18.0,70659.0,82944.0,8835285.0,4810752.0
FrRtsd6n5a4eHZlOTUxJ,2,458.0,22.0,1.0,0.0,1.0,786.0,1.0,41.0,215.0,786.0,7891.0,1579.0,1.0,29.0,0.0,585.0,73.0,23.0,0.0,1.0,85.0,282.0,569.0,5502.0,9.0,66.0,2.0,0.0,0.0,439.0,786.0,3.0,0.0,14188.0,277.0,0.0,154.0,512.0,224.0,389.0,1.0,30306.0,1.0,8.0,3.0,33.0,16.0,33.0,0.0,0.0,18.0,53.0,0.0,11794.0,93.0,90.0,1.0,0.0,0.0,0.0,17.0,1980.0,9.0,101.0,115.0,2973.0,589.0,38712.0,16888.0,0.0,6550.0,0.0,524.0,21288.0,0.0,0.0,77034.0,0.0,0.0,0.0,0.0,0.0,105396.0,15872.0,5004017.0,920576.0
Fc7z9kKf5ZUwpyqC8L21,9,19.0,0.0,0.0,0.0,0.0,0.0,0.0,5.0,20.0,1.0,2.0,91.0,0.0,3.0,0.0,32.0,5.0,2.0,0.0,2.0,3.0,18.0,255.0,3.0,1.0,2.0,0.0,2.0,1.0,170.0,301.0,8.0,1.0,3.0,10.0,0.0,102.0,126.0,43.0,11.0,0.0,833.0,0.0,2.0,0.0,2.0,5.0,1.0,0.0,0.0,2.0,4.0,0.0,1.0,1.0,3.0,2.0,3.0,1.0,0.0,2.0,684.0,2.0,7.0,5.0,467.0,61.0,29942.0,19696.0,17.0,50188.0,0.0,383.0,0.0,0.0,0.0,4569.0,0.0,0.0,0.0,0.0,18.0,110897.0,9472.0,4864383.0,549376.0
2gwSoct3BzRUvajVeCLu,7,6.0,0.0,0.0,0.0,0.0,0.0,0.0,0.0,5.0,0.0,0.0,83.0,0.0,0.0,0.0,22.0,0.0,0.0,0.0,0.0,0.0,1.0,70.0,0.0,0.0,0.0,0.0,0.0,0.0,3.0,119.0,0.0,0.0,0.0,0.0,0.0,40.0,7.0,2.0,31.0,0.0,70.0,0.0,0.0,0.0,1.0,1.0,0.0,0.0,0.0,0.0,0.0,0.0,0.0,0.0,0.0,0.0,0.0,1.0,0.0,0.0,208.0,0.0,0.0,0.0,28.0,1.0,98844.0,1377460.0,0.0,1039.0,0.0,0.0,1457.0,0.0,3.0,1127.0,0.0,0.0,0.0,0.0,17.0,3676.0,86784.0,171681.0,5033472.0
dzV4q1iWUT3eIODcFJSx,6,10.0,0.0,0.0,0.0,1.0,0.0,0.0,5.0,2.0,0.0,1.0,21.0,0.0,0.0,0.0,61.0,0.0,3.0,0.0,1.0,0.0,3.0,96.0,0.0,0.0,0.0,0.0,0.0,0.0,62.0,50.0,0.0,3.0,1.0,5.0,0.0,48.0,6.0,1.0,1.0,0.0,264.0,0.0,0.0,0.0,2.0,3.0,0.0,0.0,0.0,0.0,1.0,0.0,0.0,1.0,0.0,0.0,0.0,0.0,0.0,1.0,1595.0,1.0,3.0,0.0,270.0,4.0,38874.0,330736.0,426.0,0.0,0.0,550.0,4112.0,0.0,3.0,8502.0,0.0,0.0,0.0,0.0,17.0,13610.0,29696.0,1160738.0,1722368.0
4vxohlcEjbqS8ramJMO7,8,87.0,2.0,0.0,0.0,3.0,1.0,0.0,5.0,66.0,1.0,0.0,33.0,0.0,18.0,1.0,24.0,19.0,2.0,1.0,2.0,10.0,10.0,450.0,1.0,1.0,6.0,0.0,1.0,0.0,416.0,204.0,5.0,6.0,0.0,4.0,0.0,34.0,17.0,78.0,73.0,0.0,2562.0,0.0,3.0,1.0,1.0,3.0,5.0,0.0,1.0,2.0,4.0,0.0,0.0,9.0,2.0,0.0,1.0,1.0,0.0,1.0,127.0,3.0,3.0,31.0,1936.0,183.0,28276.0,9008.0,92.0,4595.0,0.0,206.0,0.0,0.0,3.0,9196.0,0.0,0.0,0.0,0.0,18.0,14110.0,7936.0,995351.0,460288.0
23L6M58iTRC4rNHlIFDy,1,3222.0,38.0,0.0,9.0,3016.0,0.0,0.0,1284.0,4892.0,0.0,60.0,11976.0,2.0,132.0,5.0,9350.0,93.0,338.0,0.0,120.0,574.0,4843.0,11150.0,0.0,440.0,379.0,46.0,0.0,25.0,3411.0,14339.0,28.0,4.0,74.0,1878.0,0.0,8296.0,12535.0,8457.0,6939.0,3.0,58588.0,23.0,300.0,5.0,75.0,1806.0,428.0,0.0,52.0,171.0,513.0,7.0,3.0,1105.0,155.0,1.0,0.0,9.0,0.0,270.0,26634.0,72.0,816.0,337.0,53435.0,8666.0,183188.0,3404.0,0.0,21992.0,0.0,3307.0,0.0,3.0,3.0,440923.0,0.0,0.0,0.0,0.0,19.0,466247.0,72448.0,30316456.0,4201984.0
3ajDbkt0X6TLUuHKYZhs,1,198.0,5.0,0.0,0.0,0.0,0.0,1.0,7.0,371.0,0.0,15.0,1072.0,1.0,54.0,4.0,315.0,30.0,18.0,0.0,1.0,64.0,350.0,906.0,4.0,23.0,33.0,17.0,0.0,0.0,841.0,793.0,0.0,2.0,32.0,202.0,0.0,521.0,408.0,468.0,170.0,0.0,3446.0,1.0,18.0,0.0,24.0,28.0,38.0,0.0,2.0,32.0,82.0,0.0,5.0,97.0,66.0,2.0,0.0,3.0,1.0,21.0,1332.0,36.0,85.0,39.0,2774.0,621.0,48247.0,8556.0,0.0,13673.0,0.0,342.0,1838.0,3.0,3.0,19642.0,0.0,0.0,0.0,0.0,17.0,35518.0,11008.0,1815491.0,638464.0
dbpHcR9jZeurykDsAnMT,3,13.0,0.0,1.0,0.0,0.0,0.0,0.0,0.0,7.0,0.0,0.0,180.0,1.0,0.0,0.0,18.0,0.0,3.0,0.0,0.0,0.0,13.0,116.0,0.0,0.0,0.0,0.0,0.0,0.0,193.0,171.0,1.0,1.0,0.0,1.0,0.0,46.0,47.0,2.0,1.0,0.0,128.0,0.0,1.0,0.0,1.0,4.0,0.0,0.0,0.0,1.0,3.0,0.0,0.0,1.0,0.0,0.0,0.0,0.0,0.0,2.0,367.0,0.0,1.0,0.0,190.0,5.0,168136.0,1490588.0,0.0,1030.0,0.0,139.0,219.0,0.0,3.0,1986.0,0.0,0.0,0.0,0.0,19.0,3396.0,146432.0,179618.0,8493056.0
2iKeU7DIk9Rdyf4hc8vr,1,1503.0,32.0,0.0,0.0,93.0,2.0,3.0,129.0,2207.0,4.0,108.0,4023.0,1.0,76.0,2.0,1926.0,110.0,172.0,0.0,13.0,328.0,1913.0,9940.0,2.0,318.0,247.0,5.0,0.0,5.0,1772.0,9834.0,13.0,0.0,164.0,856.0,0.0,2435.0,6054.0,2971.0,3255.0,16.0,24860.0,115.0,304.0,1.0,19.0,116.0,373.0,0.0,0.0,89.0,329.0,1.0,0.0,1633.0,67.0,0.0,0.0,2.0,0.0,181.0,11933.0,37.0,382.0,60.0,22468.0,4069.0,166416.0,14696.0,0.0,9801.0,0.0,1823.0,0.0,3.0,3.0,162498.0,0.0,0.0,0.0,0.0,19.0,174147.0,44288.0,10033843.0,2568704.0
3elSqr7UTEtFm04ZybvI,3,12.0,0.0,1.0,0.0,2.0,0.0,0.0,0.0,6.0,0.0,0.0,188.0,1.0,0.0,0.0,14.0,0.0,3.0,0.0,0.0,1.0,25.0,233.0,0.0,0.0,0.0,0.0,0.0,0.0,94.0,154.0,4.0,0.0,0.0,1.0,0.0,46.0,39.0,3.0,18.0,0.0,151.0,0.0,8.0,0.0,1.0,0.0,0.0,0.0,0.0,0.0,7.0,0.0,0.0,0.0,0.0,0.0,0.0,0.0,0.0,2.0,383.0,0.0,2.0,0.0,218.0,9.0,168025.0,1494172.0,0.0,1043.0,0.0,142.0,221.0,0.0,3.0,2074.0,0.0,0.0,0.0,0.0,17.0,3500.0,146688.0,183654.0,8507904.0
369xrHyDKegPqFMYWQJu,2,259.0,40.0,0.0,0.0,17.0,0.0,3.0,28.0,318.0,0.0,11.0,473.0,0.0,41.0,0.0,303.0,32.0,19.0,0.0,1.0,44.0,407.0,479.0,0.0,12.0,28.0,0.0,0.0,0.0,199.0,337.0,0.0,0.0,17.0,155.0,0.0,324.0,398.0,408.0,376.0,0.0,2255.0,0.0,9.0,0.0,35.0,8.0,9.0,0.0,1.0,10.0,91.0,0.0,1.0,60.0,38.0,1.0,0.0,0.0,0.0,15.0,899.0,3.0,92.0,85.0,2402.0,490.0,144503.0,11140.0,0.0,838505.0,0.0,494.0,39609.0,0.0,0.0,13915.0,0.0,0.0,0.0,0.0,0.0,892523.0,75370.0,38206856.0,4371422.0
6u25JYNBy8wzSHUjqxvh,4,9.0,2.0,0.0,2.0,2.0,0.0,3.0,5.0,0.0,2.0,2.0,20.0,0.0,0.0,0.0,50.0,3.0,8.0,0.0,8.0,0.0,8.0,20.0,2.0,0.0,0.0,0.0,3.0,0.0,16.0,15.0,7.0,5.0,2.0,21.0,1.0,5.0,5.0,4.0,0.0,1.0,31.0,1.0,5.0,0.0,5.0,2.0,2.0,1.0,3.0,0.0,6.0,1.0,2.0,5.0,0.0,0.0,0.0,0.0,0.0,3.0,61.0,2.0,9.0,3.0,110.0,11.0,8261.0,18644.0,0.0,15889.0,0.0,130.0,380.0,0.0,3.0,432.0,0.0,0.0,0.0,0.0,17.0,18403.0,4096.0,930361.0,237568.0
baFiIOemUNYgJAqsujL0,2,120.0,20.0,1.0,0.0,3.0,1.0,0.0,16.0,40.0,1.0,5.0,82.0,1.0,8.0,2.0,147.0,16.0,13.0,0.0,0.0,16.0,56.0,99.0,0.0,4.0,14.0,0.0,0.0,0.0,52.0,81.0,0.0,0.0,15.0,56.0,0.0,36.0,99.0,42.0,44.0,0.0,565.0,0.0,5.0,0.0,23.0,3.0,0.0,0.0,0.0,1.0,13.0,0.0,1.0,25.0,10.0,0.0,0.0,0.0,0.0,1.0,128.0,3.0,42.0,46.0,754.0,95.0,200471.0,8060.0,0.0,24988.0,0.0,380.0,2272409.0,0.0,0.0,3041.0,0.0,0.0,0.0,0.0,0.0,2300818.0,146944.0,86197666.0,8522752.0
Ine2sQjBCd4oqpcbSixO,6,100.0,2.0,0.0,0.0,0.0,0.0,0.0,5.0,376.0,0.0,8.0,804.0,0.0,13.0,0.0,98.0,4.0,0.0,0.0,2.0,33.0,297.0,1326.0,0.0,15.0,6.0,0.0,0.0,0.0,575.0,1119.0,2.0,7.0,8.0,71.0,0.0,363.0,650.0,433.0,235.0,0.0,2406.0,0.0,16.0,0.0,3.0,2.0,25.0,0.0,0.0,22.0,16.0,0.0,0.0,50.0,53.0,0.0,0.0,0.0,0.0,13.0,2945.0,2.0,62.0,23.0,2521.0,515.0,111025.0,22164.0,17.0,317966.0,0.0,157.0,0.0,0.0,3.0,18883.0,0.0,0.0,0.0,0.0,17.0,528457.0,36608.0,23013832.0,2123264.0
ERUu09IMtDwszYTj6ckm,8,88.0,1.0,1.0,0.0,3.0,1.0,1.0,4.0,66.0,1.0,3.0,37.0,0.0,15.0,0.0,36.0,20.0,2.0,2.0,6.0,8.0,13.0,449.0,1.0,0.0,4.0,0.0,2.0,0.0,420.0,127.0,6.0,15.0,3.0,8.0,0.0,32.0,19.0,78.0,69.0,0.0,2572.0,0.0,8.0,3.0,1.0,5.0,5.0,0.0,3.0,0.0,4.0,0.0,1.0,10.0,0.0,0.0,1.0,3.0,2.0,2.0,141.0,2.0,9.0,30.0,1942.0,181.0,28124.0,9008.0,92.0,4595.0,0.0,206.0,0.0,0.0,3.0,8749.0,0.0,0.0,0.0,0.0,18.0,13663.0,7936.0,964468.0,460288.0
0JAzwGUKORhFQWr3o1dN,3,10.0,0.0,1.0,0.0,0.0,0.0,0.0,2.0,7.0,0.0,0.0,171.0,1.0,0.0,0.0,16.0,0.0,6.0,0.0,0.0,0.0,9.0,160.0,0.0,0.0,0.0,0.0,0.0,0.0,211.0,175.0,17.0,1.0,0.0,2.0,0.0,47.0,39.0,5.0,1.0,0.0,115.0,2.0,7.0,0.0,1.0,0.0,0.0,0.0,24.0,2.0,3.0,0.0,0.0,0.0,0.0,0.0,0.0,0.0,0.0,1.0,338.0,0.0,1.0,0.0,186.0,8.0,167858.0,1490076.0,0.0,981.0,0.0,158.0,212.0,0.0,3.0,1919.0,0.0,0.0,0.0,0.0,19.0,3292.0,146432.0,175541.0,8493056.0
Auv3RhZlU6tXcdDQjg2i,1,130.0,11.0,0.0,0.0,3.0,0.0,0.0,14.0,212.0,1.0,7.0,303.0,1.0,9.0,0.0,76.0,20.0,5.0,0.0,0.0,51.0,152.0,347.0,0.0,13.0,36.0,2.0,0.0,0.0,362.0,398.0,0.0,0.0,8.0,24.0,0.0,144.0,261.0,206.0,151.0,0.0,1978.0,1.0,13.0,0.0,26.0,8.0,35.0,0.0,0.0,4.0,33.0,0.0,0.0,85.0,26.0,0.0,0.0,2.0,0.0,19.0,925.0,6.0,12.0,82.0,1330.0,407.0,23283.0,10532.0,0.0,382.0,0.0,249.0,591.0,3.0,3.0,9435.0,0.0,0.0,0.0,0.0,19.0,10682.0,8704.0,616996.0,504832.0
5VcsRv2Sfz9yJApielx4,1,142.0,1.0,0.0,0.0,18.0,0.0,0.0,6.0,294.0,0.0,6.0,405.0,1.0,24.0,2.0,192.0,15.0,16.0,0.0,0.0,19.0,188.0,542.0,9.0,16.0,14.0,0.0,0.0,2.0,214.0,472.0,1.0,2.0,15.0,128.0,0.0,203.0,245.0,367.0,208.0,0.0,1565.0,1.0,15.0,0.0,24.0,6.0,13.0,0.0,0.0,17.0,80.0,0.0,9.0,31.0,60.0,0.0,0.0,0.0,1.0,20.0,571.0,3.0,57.0,17.0,1912.0,523.0,43851.0,4328.0,0.0,3412.0,0.0,236.0,2233.0,3.0,3.0,10583.0,0.0,0.0,0.0,0.0,19.0,16489.0,9728.0,875024.0,564224.0
aKDbZWFzy9XfPO051nls,6,25.0,0.0,0.0,0.0,0.0,0.0,0.0,2.0,62.0,0.0,0.0,57.0,0.0,1.0,0.0,23.0,0.0,4.0,0.0,0.0,3.0,34.0,62.0,0.0,0.0,1.0,0.0,0.0,0.0,77.0,99.0,0.0,0.0,0.0,0.0,0.0,19.0,99.0,37.0,10.0,0.0,343.0,0.0,0.0,0.0,1.0,1.0,5.0,0.0,0.0,2.0,12.0,0.0,0.0,19.0,0.0,0.0,0.0,0.0,0.0,9.0,300.0,0.0,0.0,0.0,374.0,101.0,27648.0,204.0,0.0,145645.0,0.0,171.0,380.0,0.0,3.0,1937.0,0.0,0.0,0.0,0.0,17.0,148153.0,11776.0,6490201.0,683008.0
bx75FsX2VcQ1CkznwIEM,3,14.0,0.0,1.0,0.0,2.0,0.0,0.0,0.0,1.0,0.0,0.0,91.0,1.0,0.0,0.0,14.0,0.0,3.0,0.0,0.0,1.0,20.0,80.0,0.0,0.0,0.0,0.0,0.0,0.0,37.0,62.0,1.0,1.0,0.0,1.0,0.0,16.0,13.0,1.0,16.0,0.0,48.0,0.0,0.0,0.0,1.0,0.0,0.0,0.0,0.0,0.0,3.0,0.0,0.0,0.0,0.0,0.0,0.0,0.0,0.0,1.0,146.0,0.0,2.0,0.0,153.0,3.0,168234.0,1497244.0,0.0,1027.0,0.0,139.0,220.0,0.0,3.0,1001.0,0.0,0.0,0.0,0.0,17.0,2407.0,146688.0,126507.0,8507904.0
1Z9IPyxXu7q8VlLTRHNG,9,271.0,2.0,2.0,0.0,0.0,0.0,0.0,10.0,300.0,0.0,3.0,495.0,2.0,14.0,0.0,304.0,12.0,9.0,0.0,0.0,72.0,273.0,665.0,0.0,4.0,56.0,0.0,0.0,0.0,287.0,480.0,0.0,0.0,4.0,247.0,0.0,242.0,469.0,327.0,329.0,0.0,3982.0,3.0,4.0,0.0,4.0,7.0,27.0,0.0,1.0,8.0,21.0,0.0,4.0,58.0,103.0,0.0,0.0,0.0,0.0,12.0,710.0,1.0,119.0,105.0,2062.0,504.0,30752.0,420.0,0.0,142463.0,0.0,381.0,1098.0,3.0,3.0,15564.0,0.0,0.0,0.0,0.0,18.0,159530.0,12032.0,7171201.0,697856.0
DZpbRaEg4YIA69j7Wmot,1,3686.0,29.0,2.0,12.0,429.0,0.0,0.0,694.0,6374.0,1.0,312.0,14621.0,1.0,203.0,4.0,9998.0,142.0,184.0,0.0,57.0,743.0,5879.0,3643.0,2.0,832.0,505.0,101.0,0.0,0.0,3157.0,6411.0,7.0,23.0,395.0,2541.0,3.0,6378.0,13761.0,13898.0,6265.0,3.0,68121.0,26.0,814.0,14.0,49.0,1080.0,480.0,3.0,3.0,260.0,797.0,25.0,5.0,2864.0,520.0,0.0,1.0,2.0,0.0,462.0,31622.0,183.0,1411.0,385.0,62879.0,13832.0,316918.0,19088.0,0.0,6003.0,0.0,2797.0,0.0,0.0,3.0,484627.0,0.0,0.0,0.0,0.0,19.0,493449.0,113664.0,32721096.0,6592512.0
da1g3kNFpCPXWMtDrnVb,1,544.0,2.0,0.0,0.0,140.0,2.0,0.0,72.0,958.0,3.0,13.0,2139.0,1.0,76.0,0.0,1661.0,62.0,42.0,0.0,13.0,142.0,1328.0,4552.0,0.0,52.0,102.0,9.0,0.0,0.0,1199.0,3953.0,6.0,0.0,33.0,374.0,6.0,1940.0,2384.0,1649.0,1610.0,0.0,12220.0,3.0,38.0,8.0,9.0,38.0,163.0,3.0,5.0,57.0,159.0,0.0,95.0,429.0,25.0,1.0,0.0,2.0,0.0,101.0,5680.0,21.0,85.0,24.0,9892.0,2001.0,45763.0,15084.0,0.0,1816.0,0.0,1212.0,27550.0,3.0,3.0,71761.0,0.0,0.0,0.0,0.0,19.0,102384.0,20736.0,5510765.0,1202688.0
gEvA2ctmNer17KZVUyYR,1,522.0,1.0,0.0,0.0,203.0,0.0,0.0,32.0,709.0,1.0,5.0,1427.0,1.0,65.0,0.0,1100.0,40.0,13.0,0.0,1.0,95.0,1210.0,5950.0,0.0,44.0,63.0,0.0,0.0,0.0,914.0,3814.0,3.0,0.0,12.0,211.0,2.0,1055.0,2440.0,1131.0,1477.0,0.0,9724.0,4.0,32.0,1.0,4.0,32.0,129.0,0.0,2.0,40.0,117.0,0.0,69.0,395.0,9.0,0.0,0.0,2.0,0.0,64.0,4121.0,6.0,56.0,34.0,9130.0,1500.0,60837.0,4740.0,0.0,4909.0,0.0,619.0,30181.0,3.0,3.0,62807.0,0.0,0.0,0.0,0.0,19.0,98541.0,20992.0,5112617.0,1217536.0
JMaEzg6s2P0n4wSIyulO,7,3.0,0.0,0.0,0.0,0.0,0.0,0.0,0.0,6.0,0.0,0.0,80.0,1.0,0.0,0.0,11.0,0.0,0.0,0.0,0.0,0.0,2.0,130.0,0.0,0.0,0.0,0.0,0.0,0.0,3.0,119.0,0.0,0.0,0.0,0.0,0.0,87.0,6.0,2.0,1.0,0.0,71.0,0.0,0.0,0.0,1.0,1.0,0.0,0.0,0.0,0.0,0.0,0.0,0.0,0.0,0.0,0.0,0.0,1.0,0.0,0.0,296.0,0.0,0.0,0.0,17.0,1.0,103432.0,1459380.0,0.0,1041.0,0.0,0.0,1458.0,0.0,3.0,1281.0,33.0,0.0,0.0,0.0,17.0,3833.0,91904.0,177603.0,5330432.0
cSMXzpQ2q4nCy5UfPBg9,1,505.0,4.0,0.0,0.0,3.0,0.0,2.0,9.0,1719.0,0.0,11.0,4102.0,1.0,13.0,4.0,783.0,3.0,3.0,0.0,1.0,318.0,1525.0,11065.0,0.0,180.0,212.0,7.0,0.0,1.0,733.0,8787.0,8.0,1.0,49.0,465.0,0.0,1702.0,9453.0,2760.0,1893.0,0.0,17572.0,6.0,180.0,1.0,12.0,7.0,247.0,0.0,0.0,14.0,49.0,0.0,0.0,435.0,6.0,0.0,0.0,1.0,0.0,20.0,10816.0,24.0,126.0,45.0,15931.0,2321.0,72501.0,4776.0,0.0,23175.0,0.0,689.0,5554.0,3.0,3.0,115653.0,0.0,0.0,0.0,0.0,19.0,145096.0,29440.0,8286920.0,1707520.0
dQ5kFDwP4ByqU3tnLTZf,8,2.0,0.0,1.0,0.0,1.0,0.0,0.0,0.0,11.0,0.0,0.0,4.0,1.0,4.0,0.0,10.0,0.0,0.0,0.0,0.0,0.0,2.0,14.0,0.0,0.0,0.0,0.0,0.0,0.0,18.0,6.0,12.0,2.0,0.0,8.0,0.0,2.0,7.0,4.0,5.0,0.0,32.0,0.0,0.0,0.0,2.0,1.0,0.0,0.0,0.0,2.0,3.0,0.0,0.0,0.0,1.0,0.0,0.0,0.0,0.0,1.0,18.0,0.0,2.0,1.0,38.0,5.0,23535.0,177708.0,0.0,0.0,0.0,3.0,0.0,0.0,6.0,0.0,0.0,0.0,0.0,0.0,18.0,6774.0,19456.0,851882.0,1128448.0
8Z5zugCOx3cTB6ikpbSq,6,110.0,2.0,2.0,0.0,1.0,0.0,0.0,0.0,408.0,0.0,5.0,680.0,0.0,8.0,0.0,100.0,3.0,4.0,0.0,0.0,32.0,312.0,1254.0,0.0,19.0,7.0,0.0,0.0,1.0,565.0,1077.0,1.0,10.0,5.0,97.0,0.0,342.0,638.0,418.0,232.0,0.0,2350.0,0.0,20.0,0.0,3.0,0.0,18.0,0.0,0.0,23.0,21.0,0.0,0.0,49.0,57.0,0.0,0.0,0.0,0.0,14.0,2836.0,0.0,43.0,23.0,2491.0,530.0,112887.0,22652.0,17.0,322544.0,0.0,138.0,0.0,0.0,3.0,18150.0,0.0,0.0,0.0,0.0,17.0,536267.0,37120.0,23334809.0,2152960.0
3RiBw0ntobeCh5VEQrY1,4,18.0,5.0,2.0,6.0,5.0,3.0,6.0,7.0,2.0,2.0,7.0,58.0,0.0,0.0,0.0,68.0,1.0,10.0,0.0,14.0,0.0,40.0,62.0,4.0,0.0,0.0,0.0,6.0,0.0,64.0,43.0,16.0,22.0,7.0,38.0,0.0,13.0,9.0,6.0,0.0,4.0,101.0,1.0,17.0,0.0,6.0,3.0,4.0,0.0,6.0,0.0,10.0,1.0,1.0,10.0,4.0,1.0,1.0,1.0,1.0,5.0,161.0,3.0,28.0,9.0,203.0,22.0,16297.0,68280.0,0.0,76304.0,0.0,118.0,341.0,0.0,3.0,379.0,0.0,0.0,0.0,0.0,17.0,79540.0,11008.0,3589142.0,638464.0
93QCNLn5FD2pueg7GdXB,9,118.0,0.0,0.0,0.0,4.0,0.0,0.0,10.0,50.0,0.0,0.0,128.0,0.0,0.0,0.0,40.0,0.0,2.0,0.0,0.0,0.0,111.0,288.0,0.0,0.0,0.0,0.0,0.0,0.0,48.0,68.0,132.0,0.0,0.0,7.0,0.0,64.0,157.0,51.0,1.0,0.0,143.0,0.0,11.0,0.0,1.0,0.0,3.0,0.0,0.0,14.0,54.0,0.0,0.0,43.0,0.0,0.0,0.0,0.0,0.0,0.0,333.0,2.0,0.0,0.0,832.0,140.0,180933.0,340.0,0.0,1018.0,0.0,225.0,1211.0,0.0,0.0,68770.0,0.0,0.0,0.0,0.0,18.0,71242.0,82944.0,8917219.0,4810752.0
i7pqWygtZDQLmHX9h3lx,1,425.0,1.0,0.0,0.0,63.0,2.0,0.0,22.0,1002.0,5.0,81.0,1580.0,1.0,87.0,2.0,535.0,66.0,40.0,0.0,7.0,69.0,756.0,4436.0,11.0,30.0,30.0,22.0,0.0,0.0,1313.0,2881.0,2.0,1.0,97.0,296.0,0.0,896.0,1049.0,1320.0,973.0,0.0,9532.0,8.0,22.0,0.0,40.0,41.0,50.0,0.0,0.0,65.0,184.0,8.0,13.0,105.0,70.0,0.0,0.0,0.0,0.0,67.0,4978.0,37.0,146.0,69.0,7183.0,1615.0,171912.0,32572.0,0.0,11605.0,0.0,323.0,8919.0,3.0,3.0,50373.0,0.0,0.0,0.0,0.0,19.0,71245.0,24832.0,3901104.0,1440256.0
a84udcisW2mPRvrSFk0w,8,70.0,1.0,1.0,0.0,15.0,0.0,0.0,3.0,62.0,2.0,4.0,34.0,0.0,16.0,0.0,48.0,17.0,0.0,0.0,4.0,7.0,20.0,407.0,0.0,0.0,3.0,0.0,0.0,0.0,389.0,183.0,3.0,4.0,5.0,5.0,1.0,28.0,17.0,70.0,68.0,2.0,2316.0,0.0,8.0,1.0,1.0,5.0,6.0,1.0,0.0,0.0,2.0,3.0,0.0,10.0,1.0,0.0,1.0,1.0,1.0,1.0,170.0,2.0,4.0,24.0,1824.0,175.0,34215.0,8564.0,0.0,6325.0,0.0,245.0,0.0,0.0,3.0,8356.0,0.0,0.0,0.0,0.0,18.0,15039.0,7936.0,1022505.0,460288.0
0pqtVjvLk89PdYr5MwZO,9,183.0,0.0,0.0,0.0,4.0,0.0,2.0,107.0,100.0,0.0,149.0,601.0,0.0,0.0,0.0,256.0,16.0,8.0,0.0,14.0,252.0,297.0,1392.0,0.0,2.0,235.0,0.0,0.0,0.0,444.0,848.0,3.0,0.0,149.0,6.0,0.0,255.0,167.0,353.0,713.0,0.0,1960.0,0.0,2.0,0.0,2.0,29.0,232.0,0.0,0.0,0.0,0.0,2.0,8.0,247.0,2.0,0.0,0.0,4.0,0.0,0.0,2058.0,4.0,7.0,24.0,4657.0,800.0,104939.0,1856.0,0.0,152281.0,0.0,1211.0,1846.0,3.0,0.0,14604.0,0.0,0.0,0.0,0.0,18.0,169963.0,14080.0,7489435.0,816640.0
ga8SoXu32EKGZM7vNnAp,9,21.0,0.0,0.0,0.0,1.0,0.0,0.0,6.0,41.0,2.0,0.0,88.0,0.0,3.0,0.0,58.0,3.0,3.0,0.0,1.0,3.0,24.0,298.0,12.0,0.0,2.0,3.0,3.0,0.0,207.0,345.0,16.0,3.0,0.0,28.0,0.0,119.0,130.0,41.0,11.0,0.0,987.0,1.0,5.0,1.0,2.0,4.0,1.0,0.0,0.0,1.0,7.0,2.0,1.0,4.0,2.0,0.0,0.0,0.0,1.0,1.0,792.0,4.0,34.0,2.0,581.0,72.0,179565.0,16632.0,17.0,359428.0,0.0,388.0,0.0,0.0,0.0,5407.0,0.0,0.0,0.0,0.0,18.0,810105.0,52992.0,34752159.0,3073536.0
cuCskOh9Hatq1zUp8PYX,1,503.0,18.0,0.0,0.0,15.0,0.0,0.0,31.0,1158.0,1.0,17.0,1227.0,1.0,80.0,0.0,976.0,26.0,7.0,0.0,0.0,247.0,487.0,682.0,0.0,17.0,176.0,8.0,0.0,1.0,831.0,882.0,1.0,1.0,17.0,517.0,0.0,455.0,2387.0,1598.0,806.0,0.0,10079.0,15.0,17.0,0.0,6.0,242.0,143.0,0.0,0.0,19.0,104.0,0.0,0.0,769.0,127.0,0.0,0.0,0.0,0.0,55.0,2781.0,14.0,304.0,121.0,8604.0,2723.0,46519.0,6240.0,0.0,3993.0,0.0,650.0,0.0,3.0,3.0,56785.0,0.0,0.0,0.0,0.0,19.0,61453.0,16128.0,4122755.0,935424.0
JlhVH357f6XkT2EsP4DO,9,204.0,0.0,0.0,0.0,4.0,0.0,0.0,6.0,42.0,0.0,0.0,407.0,0.0,0.0,0.0,35.0,0.0,2.0,0.0,0.0,0.0,293.0,295.0,0.0,0.0,0.0,0.0,0.0,0.0,112.0,153.0,30.0,0.0,0.0,0.0,2.0,45.0,497.0,40.0,1.0,0.0,161.0,0.0,360.0,0.0,1.0,6.0,4.0,0.0,0.0,215.0,31.0,0.0,0.0,58.0,0.0,0.0,0.0,0.0,0.0,0.0,737.0,2.0,0.0,0.0,1345.0,221.0,178278.0,432.0,0.0,211.0,0.0,280.0,1336.0,0.0,0.0,69653.0,0.0,0.0,0.0,0.0,18.0,71498.0,83200.0,8748132.0,4825600.0
EOWxcs1J2teX9bQfn7B4,8,582.0,0.0,0.0,0.0,1.0,0.0,0.0,0.0,13.0,0.0,0.0,30.0,0.0,524.0,0.0,8.0,0.0,537.0,0.0,0.0,25.0,4.0,34.0,0.0,6.0,25.0,1.0,0.0,0.0,5.0,718.0,0.0,0.0,2.0,0.0,0.0,27.0,144.0,24.0,629.0,0.0,2991.0,0.0,1.0,2.0,3.0,0.0,1.0,0.0,0.0,0.0,1.0,0.0,0.0,1.0,0.0,0.0,0.0,0.0,0.0,1.0,356.0,27.0,0.0,0.0,3790.0,569.0,51557.0,4340.0,0.0,3992.0,0.0,127.0,0.0,0.0,3.0,24812.0,0.0,0.0,0.0,0.0,20.0,28954.0,20992.0,2637325.0,1217536.0
iFCQuWqZXf75M1rwYJsT,6,25.0,0.0,0.0,0.0,0.0,0.0,0.0,2.0,62.0,0.0,0.0,57.0,0.0,1.0,0.0,23.0,0.0,4.0,0.0,0.0,3.0,34.0,61.0,0.0,0.0,1.0,0.0,0.0,0.0,77.0,99.0,0.0,0.0,0.0,0.0,0.0,19.0,99.0,37.0,10.0,0.0,343.0,0.0,0.0,0.0,1.0,2.0,5.0,0.0,0.0,2.0,12.0,0.0,0.0,19.0,0.0,0.0,0.0,0.0,0.0,9.0,300.0,0.0,0.0,0.0,327.0,101.0,33405.0,3276.0,0.0,145645.0,0.0,390.0,3673.0,0.0,3.0,1933.0,0.0,0.0,0.0,0.0,17.0,151661.0,12480.0,6611523.0,723840.0
7KqfVlEBOmr6tTQewNG8,7,7.0,0.0,0.0,0.0,0.0,0.0,0.0,0.0,7.0,0.0,0.0,82.0,0.0,0.0,0.0,25.0,0.0,0.0,0.0,0.0,0.0,3.0,76.0,0.0,0.0,0.0,0.0,0.0,0.0,3.0,119.0,0.0,0.0,0.0,0.0,0.0,41.0,5.0,1.0,31.0,0.0,72.0,0.0,0.0,0.0,1.0,0.0,0.0,0.0,0.0,0.0,0.0,0.0,0.0,0.0,0.0,0.0,0.0,1.0,0.0,0.0,203.0,0.0,0.0,0.0,21.0,1.0,89185.0,1246388.0,0.0,1039.0,0.0,0.0,1469.0,0.0,3.0,1141.0,0.0,0.0,0.0,0.0,17.0,3702.0,78592.0,172196.0,4558336.0
Evpm2HCFWB0buXNO3kQj,1,87.0,0.0,0.0,0.0,9.0,0.0,0.0,23.0,149.0,1.0,1.0,298.0,1.0,6.0,0.0,244.0,0.0,9.0,0.0,4.0,20.0,124.0,62.0,0.0,5.0,18.0,0.0,0.0,0.0,43.0,176.0,0.0,0.0,1.0,66.0,0.0,111.0,292.0,217.0,161.0,0.0,1551.0,0.0,5.0,0.0,3.0,0.0,6.0,0.0,0.0,7.0,37.0,0.0,0.0,133.0,5.0,0.0,0.0,1.0,0.0,25.0,688.0,4.0,26.0,11.0,1590.0,363.0,21214.0,9952.0,0.0,77.0,0.0,272.0,0.0,3.0,3.0,10172.0,0.0,0.0,0.0,0.0,19.0,10546.0,8448.0,706872.0,489984.0
jh371q0WXKwZP8gynubU,7,70.0,0.0,0.0,0.0,26.0,0.0,2.0,57.0,178.0,0.0,0.0,14.0,0.0,0.0,0.0,181.0,0.0,4.0,0.0,15.0,0.0,93.0,9.0,0.0,2.0,0.0,0.0,0.0,0.0,9.0,11.0,0.0,0.0,0.0,3.0,2.0,7.0,56.0,197.0,387.0,0.0,723.0,0.0,0.0,0.0,3.0,32.0,0.0,0.0,0.0,0.0,0.0,0.0,95.0,0.0,1.0,0.0,0.0,3.0,0.0,0.0,24.0,0.0,2.0,0.0,1107.0,245.0,234124.0,448856.0,0.0,21433.0,0.0,1189.0,303559.0,3.0,3.0,38754.0,0.0,0.0,0.0,0.0,17.0,364958.0,94208.0,17242017.0,5464064.0
gjStprIMlv3BwYG84Emu,1,174.0,3.0,0.0,0.0,1.0,0.0,0.0,8.0,331.0,0.0,8.0,732.0,2.0,32.0,0.0,196.0,13.0,6.0,0.0,1.0,59.0,236.0,822.0,7.0,16.0,23.0,4.0,0.0,0.0,573.0,609.0,3.0,7.0,26.0,146.0,0.0,337.0,173.0,476.0,452.0,0.0,2831.0,14.0,0.0,0.0,25.0,0.0,33.0,0.0,0.0,10.0,56.0,0.0,1.0,62.0,16.0,1.0,0.0,1.0,0.0,25.0,1326.0,14.0,98.0,7.0,2806.0,542.0,36551.0,25840.0,0.0,3843.0,3.0,207.0,23.0,3.0,3.0,16554.0,529.0,0.0,0.0,0.0,19.0,21184.0,10496.0,1146963.0,608768.0
kjQFMnf7vADCqtX4ai2u,6,100.0,3.0,0.0,0.0,0.0,0.0,0.0,0.0,380.0,0.0,7.0,677.0,0.0,12.0,0.0,90.0,12.0,0.0,0.0,9.0,30.0,278.0,1320.0,0.0,19.0,6.0,0.0,0.0,0.0,575.0,1098.0,6.0,8.0,7.0,87.0,0.0,333.0,674.0,450.0,226.0,0.0,2321.0,0.0,20.0,0.0,4.0,0.0,22.0,0.0,0.0,17.0,27.0,0.0,0.0,53.0,37.0,0.0,0.0,0.0,0.0,19.0,2919.0,2.0,53.0,36.0,2472.0,521.0,101439.0,27252.0,17.0,314894.0,0.0,124.0,0.0,0.0,3.0,18553.0,0.0,0.0,0.0,0.0,17.0,522858.0,35584.0,22768594.0,2063872.0
ihT109rSABLfdRNxvMGW,4,51.0,1.0,5.0,2.0,9.0,6.0,6.0,2.0,19.0,2.0,11.0,497.0,5.0,5.0,8.0,136.0,4.0,17.0,3.0,0.0,8.0,98.0,36.0,185.0,21.0,7.0,2.0,13.0,14.0,64.0,33.0,16.0,96.0,12.0,131.0,5.0,57.0,58.0,14.0,992.0,1.0,384.0,8.0,21.0,0.0,31.0,1.0,0.0,5.0,32.0,2.0,8.0,8.0,10.0,1.0,9.0,14.0,10.0,1.0,1.0,4.0,605.0,10.0,85.0,17.0,1240.0,140.0,15116.0,89636.0,0.0,73744.0,0.0,38.0,1040.0,0.0,0.0,10223.0,0.0,0.0,0.0,0.0,17.0,85062.0,11776.0,3921698.0,683008.0
BvWnd3XlLYb1QGAyP6Zf,9,286.0,0.0,0.0,0.0,8.0,0.0,1.0,4.0,94.0,0.0,625.0,485.0,0.0,0.0,0.0,95.0,57.0,12.0,0.0,1.0,199.0,383.0,1198.0,0.0,5.0,196.0,0.0,0.0,0.0,549.0,515.0,0.0,0.0,626.0,4.0,0.0,209.0,225.0,282.0,401.0,0.0,2982.0,0.0,0.0,0.0,13.0,0.0,203.0,0.0,0.0,0.0,0.0,0.0,1.0,217.0,3.0,0.0,0.0,0.0,0.0,0.0,1924.0,1.0,6.0,77.0,4698.0,616.0,676803.0,388.0,0.0,1155648.0,0.0,392.0,499.0,0.0,0.0,15116.0,0.0,0.0,0.0,0.0,20.0,1171675.0,76288.0,49217543.0,4424704.0
FjSleW6GDVdh2KOxnz37,6,58.0,3.0,5.0,0.0,5.0,1.0,2.0,1.0,30.0,6.0,7.0,149.0,5.0,19.0,1.0,76.0,5.0,2.0,22.0,0.0,0.0,110.0,192.0,0.0,2.0,0.0,4.0,5.0,2.0,249.0,110.0,28.0,63.0,8.0,52.0,3.0,177.0,83.0,19.0,175.0,1.0,698.0,2.0,23.0,18.0,7.0,1.0,0.0,3.0,2.0,0.0,44.0,4.0,5.0,0.0,4.0,8.0,0.0,3.0,0.0,23.0,535.0,6.0,29.0,3.0,1013.0,116.0,233079.0,19884.0,0.0,0.0,0.0,264.0,513.0,3.0,598.0,0.0,19.0,17.0,47299.0,1553.0,19.0,50285.0,50944.0,5362735.0,2954752.0
frgtup5NAaT9qRVDj4hO,4,41.0,13.0,1.0,17.0,8.0,0.0,14.0,36.0,3.0,9.0,18.0,115.0,1.0,1.0,0.0,175.0,8.0,25.0,0.0,47.0,2.0,58.0,128.0,18.0,0.0,1.0,4.0,17.0,0.0,120.0,76.0,51.0,39.0,19.0,100.0,1.0,43.0,12.0,22.0,119.0,10.0,217.0,6.0,32.0,0.0,6.0,0.0,15.0,1.0,15.0,0.0,26.0,0.0,9.0,29.0,4.0,3.0,1.0,1.0,0.0,12.0,330.0,22.0,62.0,19.0,505.0,54.0,13825.0,53916.0,0.0,67088.0,0.0,103.0,24452.0,0.0,3.0,2647.0,0.0,0.0,0.0,0.0,17.0,94310.0,9728.0,4046209.0,564224.0
cYVKNj6JMAE9gaq0b81w,9,341.0,0.0,0.0,0.0,2.0,0.0,0.0,2.0,83.0,0.0,0.0,206.0,0.0,0.0,0.0,30.0,0.0,2.0,0.0,0.0,0.0,160.0,678.0,0.0,0.0,0.0,0.0,0.0,0.0,53.0,169.0,215.0,0.0,0.0,0.0,0.0,57.0,354.0,85.0,0.0,0.0,336.0,0.0,124.0,0.0,1.0,6.0,6.0,0.0,0.0,55.0,74.0,0.0,0.0,68.0,1.0,0.0,0.0,0.0,0.0,0.0,573.0,2.0,2.0,0.0,1354.0,220.0,328231.0,416.0,0.0,432.0,0.0,277.0,954.0,0.0,0.0,71313.0,0.0,0.0,0.0,0.0,18.0,72994.0,83456.0,9047785.0,4840448.0
BALQRhwGyW4kzdUqZ3Ir,9,169.0,0.0,1.0,0.0,2.0,0.0,0.0,2.0,73.0,0.0,1.0,5.0,1.0,0.0,0.0,53.0,0.0,2.0,0.0,0.0,0.0,311.0,273.0,0.0,0.0,0.0,0.0,0.0,0.0,169.0,125.0,96.0,0.0,1.0,10.0,0.0,60.0,226.0,39.0,7.0,0.0,243.0,0.0,261.0,0.0,1.0,3.0,2.0,0.0,0.0,40.0,37.0,0.0,0.0,59.0,0.0,0.0,2.0,0.0,0.0,0.0,302.0,2.0,2.0,0.0,1181.0,70.0,179707.0,412.0,0.0,668.0,0.0,265.0,576.0,0.0,0.0,69620.0,0.0,0.0,0.0,0.0,18.0,71147.0,83200.0,8847639.0,4825600.0
3rf7KJiPd8hIZ645wBVN,9,358.0,0.0,0.0,0.0,2.0,0.0,0.0,4.0,70.0,0.0,1.0,63.0,0.0,0.0,0.0,36.0,0.0,2.0,0.0,0.0,0.0,386.0,370.0,0.0,0.0,0.0,0.0,0.0,0.0,127.0,178.0,229.0,0.0,1.0,1.0,0.0,61.0,320.0,102.0,2.0,0.0,274.0,0.0,240.0,0.0,1.0,4.0,3.0,0.0,0.0,101.0,101.0,0.0,0.0,57.0,0.0,0.0,0.0,0.0,0.0,0.0,381.0,2.0,0.0,0.0,1671.0,168.0,326784.0,384.0,0.0,995.0,0.0,241.0,1307.0,0.0,0.0,64055.0,0.0,0.0,0.0,0.0,18.0,66616.0,83456.0,8067048.0,4840448.0
0eaNKwluUmkYdIvZ923c,1,1829.0,50.0,0.0,0.0,512.0,4.0,0.0,28.0,2323.0,6.0,46.0,4287.0,1.0,95.0,2.0,171.0,119.0,990.0,0.0,11.0,291.0,7632.0,7272.0,0.0,55.0,144.0,11.0,0.0,0.0,9312.0,3901.0,3082.0,1.0,1484.0,54.0,0.0,2362.0,2774.0,2501.0,927.0,0.0,34351.0,13.0,92.0,2.0,169.0,33.0,330.0,0.0,39.0,69.0,247.0,0.0,0.0,609.0,1762.0,0.0,0.0,4.0,0.0,92.0,10903.0,30.0,73.0,443.0,22151.0,2548.0,108622.0,4316.0,0.0,49356.0,0.0,208.0,38103.0,3.0,3.0,137290.0,0.0,0.0,0.0,0.0,19.0,225036.0,36864.0,11607104.0,2138112.0
JjyXPOBMQz6IZaNUCFYV,1,545.0,3.0,0.0,0.0,30.0,2.0,0.0,14.0,1564.0,5.0,79.0,2380.0,1.0,94.0,8.0,769.0,59.0,43.0,0.0,5.0,164.0,983.0,3985.0,10.0,89.0,108.0,0.0,0.0,2.0,1354.0,3109.0,191.0,4.0,101.0,529.0,0.0,1015.0,1509.0,1807.0,1338.0,0.0,9054.0,6.0,239.0,3.0,39.0,7.0,80.0,0.0,1.0,193.0,433.0,0.0,11.0,272.0,93.0,0.0,0.0,0.0,0.0,168.0,5148.0,25.0,209.0,81.0,10080.0,2605.0,51126.0,21616.0,0.0,4150.0,0.0,644.0,5686.0,3.0,3.0,61549.0,0.0,0.0,0.0,0.0,19.0,72054.0,17408.0,3971490.0,1009664.0
j3thgSImoFBZAPsrpaqT,4,0.0,0.0,0.0,0.0,0.0,0.0,0.0,0.0,0.0,0.0,0.0,0.0,0.0,0.0,0.0,1.0,0.0,0.0,0.0,0.0,0.0,0.0,0.0,0.0,0.0,0.0,0.0,0.0,0.0,0.0,0.0,0.0,0.0,0.0,0.0,0.0,0.0,0.0,0.0,0.0,0.0,0.0,0.0,0.0,0.0,1.0,0.0,0.0,0.0,0.0,0.0,0.0,0.0,0.0,0.0,0.0,0.0,0.0,0.0,0.0,0.0,0.0,0.0,0.0,0.0,0.0,0.0,11892.0,0.0,0.0,0.0,0.0,0.0,0.0,0.0,0.0,0.0,0.0,0.0,0.0,0.0,0.0,117840.0,7108.0,4519017.0,412229.0
AGgJTSxpu6rR8mayOhDz,8,88.0,0.0,59.0,0.0,3.0,1.0,2.0,5.0,67.0,2.0,1.0,89.0,1.0,15.0,1.0,28.0,19.0,4.0,0.0,5.0,7.0,16.0,454.0,0.0,0.0,3.0,0.0,0.0,0.0,422.0,140.0,5.0,6.0,1.0,6.0,0.0,56.0,16.0,78.0,75.0,2.0,2574.0,1.0,5.0,1.0,3.0,2.0,6.0,0.0,0.0,0.0,62.0,0.0,0.0,13.0,0.0,1.0,0.0,1.0,0.0,61.0,134.0,3.0,7.0,32.0,2009.0,180.0,28216.0,9008.0,92.0,4595.0,0.0,206.0,0.0,0.0,3.0,11109.0,0.0,0.0,0.0,0.0,18.0,16023.0,7936.0,1075452.0,460288.0
e79Jn3ovuIV8FLKZsEG5,6,65.0,1.0,1.0,0.0,1.0,2.0,2.0,1.0,29.0,2.0,7.0,157.0,6.0,12.0,1.0,51.0,2.0,2.0,8.0,1.0,3.0,83.0,176.0,2.0,1.0,2.0,3.0,1.0,1.0,244.0,111.0,16.0,45.0,9.0,44.0,4.0,210.0,80.0,40.0,167.0,0.0,638.0,1.0,20.0,14.0,4.0,0.0,0.0,4.0,1.0,1.0,36.0,3.0,5.0,1.0,3.0,5.0,2.0,7.0,0.0,23.0,435.0,4.0,24.0,5.0,753.0,104.0,229531.0,28312.0,0.0,0.0,0.0,110.0,23.0,3.0,3.0,0.0,19.0,17.0,47916.0,1553.0,19.0,49663.0,51712.0,5345775.0,2999296.0
IqHpKbSLQ1J98m5sOxyt,8,92.0,1.0,2.0,2.0,3.0,0.0,1.0,5.0,66.0,3.0,2.0,36.0,2.0,15.0,1.0,29.0,20.0,3.0,1.0,6.0,9.0,14.0,466.0,2.0,1.0,3.0,1.0,3.0,1.0,424.0,203.0,5.0,10.0,4.0,9.0,1.0,33.0,19.0,77.0,72.0,1.0,2581.0,3.0,4.0,0.0,2.0,4.0,6.0,1.0,1.0,1.0,2.0,1.0,2.0,12.0,2.0,4.0,3.0,4.0,2.0,1.0,142.0,4.0,7.0,30.0,1967.0,186.0,28079.0,9008.0,92.0,4595.0,0.0,206.0,0.0,0.0,3.0,8923.0,0.0,0.0,0.0,0.0,18.0,13837.0,7936.0,976610.0,460288.0
A7bCyQK5X6wcgBEqI4WV,8,60.0,0.0,0.0,0.0,0.0,0.0,0.0,3.0,60.0,0.0,4.0,40.0,0.0,16.0,0.0,5.0,2.0,0.0,0.0,0.0,3.0,26.0,175.0,0.0,0.0,1.0,2.0,0.0,0.0,187.0,115.0,0.0,2.0,4.0,0.0,0.0,39.0,46.0,138.0,119.0,0.0,1290.0,2.0,1.0,1.0,2.0,0.0,3.0,0.0,0.0,0.0,9.0,0.0,0.0,5.0,7.0,0.0,0.0,0.0,0.0,9.0,326.0,2.0,1.0,4.0,882.0,230.0,29205.0,336148.0,0.0,83784.0,0.0,29.0,0.0,3.0,3.0,4509.0,0.0,0.0,0.0,0.0,20.0,88348.0,35072.0,3883068.0,2034176.0
gMjneCJIuS47bLXd20qK,8,33.0,0.0,0.0,0.0,8.0,1.0,1.0,0.0,72.0,0.0,2.0,41.0,0.0,14.0,0.0,43.0,28.0,5.0,0.0,3.0,4.0,12.0,373.0,3.0,0.0,4.0,0.0,0.0,0.0,350.0,144.0,6.0,9.0,2.0,11.0,0.0,32.0,34.0,62.0,72.0,1.0,2141.0,0.0,3.0,0.0,1.0,1.0,5.0,0.0,0.0,1.0,2.0,0.0,2.0,9.0,0.0,1.0,2.0,2.0,1.0,1.0,134.0,2.0,37.0,22.0,1477.0,170.0,33512.0,6972.0,7164.0,10829.0,0.0,208.0,0.0,0.0,3.0,8049.0,0.0,0.0,0.0,0.0,18.0,26271.0,7680.0,1444940.0,445440.0
K786iNwZCzFfscSOh5u9,7,3.0,0.0,0.0,0.0,0.0,0.0,0.0,0.0,5.0,0.0,0.0,159.0,1.0,0.0,0.0,11.0,0.0,0.0,0.0,0.0,0.0,3.0,127.0,0.0,0.0,0.0,0.0,0.0,0.0,4.0,119.0,0.0,0.0,0.0,0.0,0.0,89.0,7.0,1.0,2.0,0.0,77.0,0.0,0.0,0.0,1.0,0.0,0.0,0.0,0.0,0.0,0.0,0.0,0.0,0.0,0.0,0.0,0.0,1.0,0.0,0.0,368.0,0.0,0.0,0.0,19.0,1.0,104122.0,1451188.0,0.0,1041.0,0.0,0.0,1471.0,0.0,3.0,1460.0,33.0,0.0,0.0,0.0,17.0,4025.0,91392.0,186442.0,5300736.0
1gYyAWCIEbGBJaMHL0k2,8,68.0,1.0,72.0,0.0,14.0,1.0,1.0,2.0,63.0,2.0,2.0,101.0,4.0,16.0,1.0,50.0,17.0,1.0,0.0,2.0,8.0,16.0,434.0,2.0,1.0,5.0,0.0,0.0,0.0,400.0,182.0,5.0,6.0,3.0,8.0,1.0,47.0,19.0,70.0,71.0,0.0,2328.0,2.0,8.0,1.0,2.0,4.0,6.0,1.0,1.0,2.0,77.0,2.0,1.0,11.0,0.0,0.0,1.0,1.0,0.0,76.0,181.0,2.0,7.0,24.0,1911.0,175.0,28656.0,8564.0,0.0,6325.0,0.0,245.0,0.0,0.0,3.0,9335.0,0.0,0.0,0.0,0.0,18.0,16018.0,7936.0,1067674.0,460288.0
HYtGu34oz0UImZWDRqar,9,182.0,0.0,0.0,2.0,5.0,1.0,0.0,12.0,49.0,1.0,0.0,207.0,0.0,0.0,0.0,111.0,0.0,4.0,1.0,4.0,0.0,238.0,433.0,1.0,1.0,0.0,1.0,1.0,0.0,144.0,145.0,51.0,2.0,0.0,5.0,0.0,42.0,186.0,73.0,4.0,1.0,139.0,0.0,250.0,0.0,1.0,1.0,1.0,0.0,0.0,119.0,17.0,0.0,0.0,12.0,1.0,0.0,1.0,0.0,0.0,0.0,521.0,4.0,6.0,0.0,1083.0,174.0,180175.0,420.0,0.0,174.0,0.0,266.0,690.0,0.0,0.0,68945.0,0.0,0.0,0.0,0.0,18.0,70093.0,83200.0,8761237.0,4825600.0
EgTaYo2uCnZ7FrH5V9fy,9,294.0,0.0,0.0,0.0,2.0,0.0,0.0,2.0,121.0,0.0,0.0,282.0,0.0,0.0,0.0,43.0,0.0,2.0,0.0,0.0,0.0,94.0,409.0,0.0,0.0,0.0,0.0,0.0,0.0,251.0,147.0,104.0,0.0,0.0,0.0,0.0,59.0,175.0,33.0,1.0,0.0,131.0,0.0,304.0,0.0,1.0,3.0,4.0,0.0,0.0,59.0,4.0,0.0,0.0,84.0,0.0,0.0,0.0,0.0,0.0,0.0,640.0,2.0,0.0,0.0,907.0,141.0,29975.0,412.0,0.0,449.0,0.0,267.0,843.0,0.0,0.0,11942.0,0.0,0.0,0.0,0.0,18.0,13519.0,10752.0,1308441.0,623616.0
F58JACMhQPSYrdxqBW2p,7,1.0,0.0,0.0,1.0,0.0,0.0,0.0,0.0,0.0,0.0,0.0,3.0,0.0,0.0,0.0,2.0,0.0,0.0,0.0,2.0,0.0,0.0,2.0,0.0,0.0,0.0,0.0,0.0,0.0,2.0,0.0,2.0,3.0,0.0,0.0,1.0,2.0,0.0,0.0,0.0,1.0,6.0,0.0,1.0,0.0,1.0,0.0,1.0,1.0,1.0,0.0,0.0,0.0,1.0,1.0,0.0,0.0,0.0,0.0,0.0,0.0,7.0,0.0,0.0,1.0,5.0,0.0,37622.0,0.0,0.0,0.0,0.0,0.0,0.0,0.0,0.0,0.0,0.0,0.0,0.0,0.0,0.0,476426.0,29523.0,18328858.0,1712293.0
FvEJe7LOjwDranG2tcf9,9,208.0,0.0,0.0,0.0,22.0,0.0,1.0,33.0,86.0,0.0,75.0,334.0,0.0,0.0,0.0,290.0,16.0,14.0,0.0,27.0,238.0,304.0,1111.0,0.0,4.0,230.0,0.0,0.0,0.0,461.0,598.0,3.0,0.0,75.0,17.0,0.0,188.0,165.0,366.0,898.0,0.0,3490.0,0.0,1.0,0.0,2.0,33.0,213.0,0.0,0.0,0.0,0.0,0.0,8.0,226.0,2.0,0.0,0.0,0.0,0.0,0.0,1293.0,7.0,2.0,75.0,5159.0,473.0,729338.0,2648.0,0.0,1425744.0,0.0,1738.0,2508.0,0.0,0.0,14903.0,0.0,0.0,0.0,0.0,18.0,1444911.0,93696.0,61116720.0,5434368.0
jwJRB9KOeGsc4ME7WXuy,6,25.0,0.0,0.0,0.0,0.0,0.0,0.0,2.0,54.0,0.0,0.0,57.0,0.0,1.0,0.0,23.0,0.0,4.0,0.0,0.0,3.0,33.0,58.0,0.0,0.0,1.0,0.0,0.0,0.0,75.0,99.0,0.0,0.0,0.0,0.0,0.0,19.0,95.0,37.0,10.0,0.0,313.0,0.0,0.0,0.0,1.0,1.0,5.0,0.0,0.0,2.0,11.0,0.0,0.0,19.0,0.0,0.0,0.0,0.0,0.0,8.0,300.0,0.0,0.0,0.0,355.0,91.0,21218.0,204.0,0.0,141549.0,0.0,171.0,402.0,0.0,3.0,1866.0,0.0,0.0,0.0,0.0,17.0,144008.0,9984.0,6304955.0,579072.0
2ydtPK1XCYeBqwSIcRGZ,8,611.0,92.0,114.0,122.0,5.0,0.0,0.0,5.0,194.0,0.0,239.0,905.0,75.0,134.0,0.0,1008.0,19.0,2.0,124.0,169.0,126.0,559.0,1028.0,2.0,0.0,122.0,1.0,1.0,2.0,421.0,203.0,3.0,8.0,239.0,798.0,1.0,29.0,18.0,137.0,71.0,71.0,2575.0,58.0,7.0,70.0,2.0,3.0,71.0,1.0,0.0,119.0,129.0,0.0,1.0,125.0,2.0,3.0,0.0,1.0,1.0,60.0,1068.0,4.0,731.0,30.0,3800.0,749.0,33675.0,9008.0,92.0,4595.0,0.0,206.0,0.0,0.0,3.0,19128.0,0.0,0.0,0.0,0.0,18.0,24042.0,7936.0,1445598.0,460288.0
K1TBRacdPrvqOXCjDw2J,8,1370.0,20.0,1.0,3.0,168.0,2.0,0.0,27.0,1754.0,0.0,31.0,3410.0,3.0,61.0,0.0,820.0,70.0,186.0,2.0,0.0,231.0,2732.0,4091.0,0.0,39.0,133.0,6.0,4.0,1.0,4430.0,3771.0,76.0,4.0,33.0,594.0,0.0,1472.0,1681.0,2291.0,707.0,1.0,14926.0,6.0,130.0,0.0,43.0,23.0,233.0,0.0,3206.0,84.0,274.0,0.0,5.0,382.0,400.0,0.0,0.0,2.0,1.0,110.0,9975.0,12.0,212.0,152.0,16073.0,2548.0,329472.0,1016.0,0.0,260572.0,0.0,922.0,111914.0,3.0,3.0,101254.0,0.0,0.0,0.0,0.0,20.0,474688.0,50432.0,20854055.0,2925056.0
BUGAnop1NDYTh0txE8d6,8,69.0,1.0,0.0,0.0,14.0,0.0,0.0,2.0,62.0,2.0,4.0,29.0,0.0,16.0,0.0,51.0,16.0,0.0,0.0,2.0,6.0,16.0,417.0,0.0,0.0,3.0,1.0,0.0,0.0,393.0,180.0,5.0,10.0,4.0,6.0,0.0,28.0,16.0,70.0,67.0,0.0,2318.0,0.0,9.0,1.0,1.0,5.0,7.0,0.0,1.0,0.0,4.0,4.0,0.0,11.0,1.0,0.0,0.0,1.0,1.0,2.0,174.0,4.0,4.0,25.0,1828.0,173.0,28500.0,8564.0,0.0,6325.0,0.0,245.0,0.0,0.0,3.0,8420.0,0.0,0.0,0.0,0.0,18.0,15103.0,7936.0,1027108.0,460288.0
IwgVeC9qRbUkfE6Q3HTh,7,0.0,0.0,0.0,0.0,0.0,0.0,0.0,0.0,0.0,0.0,0.0,2.0,0.0,0.0,0.0,1.0,0.0,0.0,0.0,0.0,0.0,0.0,1.0,0.0,0.0,0.0,0.0,1.0,0.0,0.0,1.0,0.0,1.0,0.0,0.0,0.0,1.0,0.0,1.0,0.0,0.0,5.0,0.0,0.0,0.0,1.0,0.0,0.0,0.0,0.0,0.0,0.0,0.0,0.0,0.0,0.0,0.0,0.0,0.0,0.0,0.0,2.0,0.0,0.0,0.0,1.0,1.0,57396.0,0.0,0.0,0.0,0.0,0.0,0.0,0.0,0.0,0.0,0.0,0.0,0.0,0.0,0.0,711776.0,44231.0,27258935.0,2565372.0
jqIy4VhtwkTvFlZLYHAa,6,816.0,13.0,12.0,3.0,12.0,24.0,7.0,3.0,96.0,19.0,35.0,458.0,15.0,21.0,11.0,200.0,24.0,19.0,3.0,8.0,37.0,228.0,504.0,15.0,5.0,21.0,13.0,17.0,12.0,311.0,219.0,90.0,152.0,40.0,175.0,13.0,983.0,91.0,103.0,241.0,3.0,1516.0,13.0,129.0,10.0,14.0,3.0,16.0,13.0,14.0,20.0,30.0,23.0,21.0,30.0,22.0,13.0,12.0,22.0,2.0,18.0,638.0,27.0,144.0,24.0,1503.0,322.0,56144.0,16272.0,0.0,0.0,0.0,252.0,0.0,3.0,3.0,0.0,0.0,17.0,91126.0,1553.0,17.0,92971.0,39680.0,6184249.0,2301440.0
gVOE7DmPnKrA2Yj5Fz41,6,13.0,0.0,0.0,1.0,5.0,0.0,0.0,9.0,2.0,1.0,0.0,22.0,1.0,0.0,0.0,147.0,0.0,7.0,0.0,4.0,0.0,5.0,99.0,1.0,0.0,0.0,0.0,0.0,0.0,64.0,50.0,0.0,3.0,0.0,4.0,0.0,47.0,7.0,1.0,3.0,1.0,274.0,0.0,1.0,0.0,2.0,5.0,1.0,0.0,0.0,0.0,0.0,0.0,11.0,1.0,0.0,2.0,0.0,0.0,0.0,0.0,1783.0,0.0,5.0,0.0,426.0,6.0,110544.0,276516.0,465.0,0.0,0.0,856.0,4112.0,0.0,3.0,5020.0,0.0,0.0,0.0,0.0,17.0,10473.0,28160.0,715278.0,1633280.0
cM2qiXmpHhuag3r1RUIe,4,30.0,1.0,1.0,8.0,18.0,39.0,0.0,1.0,42.0,0.0,34.0,228.0,1.0,2.0,0.0,86.0,27.0,39.0,2.0,67.0,7.0,28.0,63.0,0.0,0.0,3.0,37.0,0.0,0.0,90.0,45.0,74.0,32.0,35.0,23.0,0.0,57.0,16.0,10.0,266.0,0.0,324.0,0.0,10.0,0.0,14.0,0.0,0.0,0.0,9.0,10.0,2.0,0.0,1.0,0.0,47.0,2.0,26.0,34.0,0.0,1.0,328.0,37.0,117.0,13.0,481.0,120.0,13870.0,31288.0,0.0,32949.0,3.0,3.0,55313.0,0.0,3.0,3090.0,0.0,0.0,0.0,0.0,17.0,91378.0,8448.0,3789723.0,489984.0
k2uRGpoUItiWrTga9ysQ,4,18.0,0.0,2.0,2.0,17.0,31.0,0.0,1.0,39.0,0.0,25.0,220.0,1.0,0.0,0.0,78.0,27.0,30.0,2.0,54.0,3.0,39.0,71.0,0.0,0.0,2.0,28.0,0.0,0.0,135.0,67.0,64.0,34.0,25.0,28.0,0.0,56.0,23.0,12.0,263.0,0.0,274.0,0.0,8.0,0.0,15.0,0.0,0.0,0.0,9.0,1.0,3.0,0.0,1.0,0.0,34.0,3.0,16.0,25.0,0.0,1.0,437.0,28.0,95.0,16.0,446.0,99.0,21065.0,95800.0,0.0,31805.0,3.0,3.0,95760.0,0.0,3.0,3298.0,0.0,0.0,0.0,0.0,17.0,130889.0,15104.0,5318580.0,876032.0
kN2FUugrtwA3nhWd7bBT,7,3.0,0.0,0.0,0.0,0.0,0.0,0.0,0.0,5.0,0.0,0.0,83.0,1.0,0.0,0.0,11.0,0.0,0.0,0.0,0.0,0.0,2.0,130.0,0.0,0.0,0.0,0.0,0.0,0.0,2.0,119.0,0.0,0.0,0.0,0.0,0.0,89.0,4.0,0.0,1.0,0.0,71.0,0.0,0.0,0.0,1.0,0.0,0.0,0.0,0.0,0.0,0.0,0.0,0.0,0.0,0.0,0.0,0.0,1.0,0.0,0.0,295.0,0.0,0.0,0.0,16.0,1.0,104298.0,1451188.0,0.0,1041.0,0.0,0.0,1471.0,0.0,3.0,1284.0,33.0,0.0,0.0,0.0,17.0,3849.0,91392.0,178509.0,5300736.0
02mlBLHZTDFXGa7Nt6cr,6,56.0,10.0,0.0,3.0,0.0,1.0,1.0,0.0,9.0,1.0,2.0,60.0,0.0,9.0,0.0,27.0,0.0,1.0,4.0,1.0,5.0,65.0,119.0,0.0,0.0,5.0,1.0,0.0,0.0,122.0,54.0,5.0,8.0,2.0,15.0,1.0,42.0,44.0,11.0,36.0,6.0,292.0,3.0,7.0,10.0,4.0,0.0,10.0,1.0,0.0,7.0,14.0,1.0,0.0,18.0,0.0,1.0,1.0,1.0,0.0,5.0,185.0,1.0,7.0,1.0,514.0,46.0,44597.0,25352.0,0.0,0.0,0.0,176.0,23.0,3.0,3.0,0.0,19.0,17.0,9975.0,1553.0,17.0,11786.0,10752.0,1085462.0,623616.0
euYJQIOhtv8FlApXdo63,6,139.0,5.0,17.0,9.0,23.0,18.0,6.0,1.0,6.0,14.0,30.0,244.0,9.0,10.0,8.0,177.0,26.0,16.0,5.0,0.0,7.0,161.0,245.0,9.0,3.0,4.0,20.0,19.0,11.0,500.0,100.0,84.0,155.0,39.0,160.0,15.0,875.0,80.0,13.0,1067.0,5.0,755.0,6.0,123.0,4.0,13.0,6.0,8.0,15.0,15.0,2.0,11.0,5.0,10.0,14.0,10.0,14.0,11.0,14.0,5.0,5.0,488.0,30.0,155.0,10.0,2195.0,170.0,285181.0,12172.0,0.0,0.0,0.0,252.0,0.0,3.0,3.0,0.0,0.0,21.0,124100.0,1531.0,19.0,125929.0,64768.0,9132074.0,3756544.0
IuDWhwfPcYTK3LBovO5d,4,68.0,2.0,6.0,2.0,4.0,7.0,20.0,2.0,18.0,5.0,7.0,688.0,5.0,3.0,10.0,142.0,2.0,12.0,0.0,0.0,7.0,101.0,207.0,122.0,22.0,2.0,3.0,27.0,7.0,266.0,33.0,19.0,108.0,7.0,136.0,11.0,58.0,31.0,19.0,1337.0,4.0,517.0,4.0,25.0,5.0,19.0,2.0,0.0,11.0,27.0,3.0,9.0,4.0,14.0,2.0,5.0,12.0,6.0,2.0,2.0,5.0,870.0,6.0,97.0,19.0,1229.0,124.0,17468.0,110632.0,0.0,74769.0,0.0,40.0,1040.0,0.0,0.0,13174.0,0.0,0.0,0.0,0.0,17.0,89040.0,13312.0,4144758.0,772096.0
2oPaLFU6SQDdZ45Wu0EB,6,53.0,2.0,2.0,4.0,5.0,4.0,3.0,1.0,5.0,2.0,13.0,77.0,4.0,3.0,1.0,72.0,6.0,17.0,4.0,7.0,6.0,69.0,115.0,5.0,0.0,3.0,3.0,2.0,1.0,88.0,35.0,27.0,44.0,16.0,48.0,2.0,222.0,40.0,3.0,29.0,2.0,256.0,3.0,36.0,4.0,8.0,2.0,3.0,2.0,4.0,2.0,11.0,4.0,7.0,8.0,11.0,6.0,6.0,5.0,1.0,6.0,173.0,8.0,41.0,13.0,457.0,49.0,28592.0,11148.0,0.0,0.0,0.0,248.0,0.0,3.0,3.0,0.0,0.0,17.0,24585.0,1553.0,17.0,26426.0,14080.0,1778809.0,816640.0
I8GxNTCH0XVoJ6FamwBD,6,71.0,0.0,5.0,0.0,6.0,1.0,2.0,1.0,30.0,3.0,8.0,152.0,2.0,29.0,3.0,72.0,5.0,2.0,27.0,0.0,2.0,126.0,167.0,5.0,1.0,1.0,2.0,5.0,3.0,206.0,86.0,25.0,45.0,10.0,53.0,4.0,258.0,78.0,36.0,191.0,0.0,705.0,1.0,18.0,31.0,5.0,3.0,0.0,4.0,4.0,2.0,56.0,5.0,5.0,0.0,3.0,0.0,5.0,8.0,2.0,27.0,533.0,7.0,39.0,4.0,1046.0,130.0,302950.0,135572.0,0.0,0.0,0.0,252.0,23.0,3.0,3.0,0.0,19.0,17.0,60517.0,1554.0,17.0,62405.0,72704.0,6861082.0,4216832.0
FsCzyGSN5qLRDgxh81if,7,2.0,0.0,0.0,0.0,0.0,0.0,0.0,0.0,7.0,0.0,0.0,83.0,1.0,0.0,0.0,11.0,0.0,0.0,0.0,0.0,0.0,2.0,129.0,0.0,0.0,0.0,0.0,0.0,0.0,3.0,119.0,0.0,0.0,0.0,0.0,0.0,87.0,2.0,2.0,1.0,0.0,68.0,0.0,0.0,0.0,1.0,1.0,0.0,0.0,0.0,0.0,0.0,0.0,0.0,0.0,0.0,0.0,0.0,1.0,0.0,0.0,296.0,0.0,0.0,0.0,19.0,1.0,103820.0,1451188.0,0.0,1041.0,0.0,0.0,1459.0,0.0,3.0,1277.0,33.0,0.0,0.0,0.0,17.0,3830.0,91392.0,177600.0,5300736.0
2WBAlcgeu4zZbTNy713v,4,11.0,3.0,0.0,2.0,4.0,1.0,5.0,5.0,2.0,2.0,5.0,31.0,0.0,0.0,0.0,37.0,1.0,4.0,0.0,9.0,1.0,16.0,49.0,2.0,0.0,0.0,0.0,6.0,1.0,37.0,30.0,11.0,12.0,5.0,23.0,0.0,7.0,7.0,6.0,43.0,3.0,52.0,0.0,7.0,0.0,5.0,0.0,1.0,0.0,4.0,0.0,7.0,0.0,0.0,3.0,2.0,0.0,1.0,0.0,0.0,3.0,129.0,4.0,16.0,2.0,172.0,14.0,47400.0,352924.0,0.0,263696.0,0.0,103.0,19419.0,0.0,3.0,1157.0,0.0,0.0,0.0,0.0,17.0,284395.0,40192.0,12294670.0,2331136.0
FW5OMytiahRcIBfLJD9X,7,2.0,0.0,0.0,0.0,0.0,0.0,0.0,0.0,6.0,0.0,0.0,82.0,1.0,0.0,0.0,11.0,0.0,0.0,0.0,0.0,0.0,2.0,127.0,0.0,0.0,0.0,0.0,0.0,0.0,3.0,119.0,0.0,0.0,0.0,0.0,0.0,87.0,5.0,2.0,1.0,0.0,65.0,0.0,0.0,0.0,1.0,1.0,0.0,0.0,0.0,0.0,0.0,0.0,0.0,0.0,0.0,0.0,0.0,1.0,0.0,0.0,299.0,0.0,0.0,0.0,18.0,1.0,87989.0,1234612.0,0.0,1039.0,0.0,0.0,1459.0,0.0,3.0,1266.0,33.0,0.0,0.0,0.0,17.0,3817.0,77824.0,176482.0,4513792.0
h91pBdZvGIuYe3Fqcn4M,4,65.0,0.0,3.0,0.0,2.0,0.0,0.0,4.0,20.0,0.0,0.0,162.0,3.0,0.0,0.0,87.0,0.0,3.0,0.0,0.0,0.0,321.0,279.0,0.0,0.0,0.0,0.0,0.0,0.0,481.0,41.0,1.0,57.0,1.0,77.0,0.0,10.0,82.0,18.0,54.0,0.0,445.0,0.0,0.0,0.0,6.0,2.0,0.0,0.0,0.0,0.0,2.0,0.0,0.0,0.0,6.0,0.0,0.0,0.0,0.0,0.0,494.0,0.0,6.0,4.0,559.0,22.0,13999.0,79008.0,0.0,75794.0,0.0,105.0,305.0,0.0,0.0,639.0,0.0,0.0,0.0,0.0,17.0,79586.0,10496.0,3520545.0,608768.0
4fYojiJ3XwcILTA6KlWu,7,6.0,0.0,0.0,0.0,0.0,0.0,0.0,0.0,3.0,0.0,0.0,79.0,0.0,0.0,0.0,28.0,0.0,0.0,0.0,0.0,0.0,3.0,77.0,0.0,0.0,0.0,0.0,0.0,0.0,4.0,119.0,0.0,0.0,0.0,0.0,0.0,40.0,5.0,2.0,32.0,0.0,66.0,0.0,0.0,0.0,1.0,1.0,0.0,0.0,0.0,0.0,0.0,0.0,0.0,0.0,0.0,0.0,0.0,1.0,0.0,0.0,195.0,0.0,0.0,0.0,17.0,1.0,89019.0,1246388.0,0.0,1039.0,0.0,0.0,1469.0,0.0,3.0,1119.0,0.0,0.0,0.0,0.0,17.0,3680.0,78592.0,171107.0,4558336.0
CmkrzR9pL7siO10q35IM,4,50.0,4.0,8.0,5.0,14.0,8.0,12.0,2.0,18.0,9.0,10.0,659.0,5.0,5.0,8.0,108.0,3.0,14.0,3.0,0.0,7.0,95.0,184.0,120.0,21.0,1.0,1.0,26.0,11.0,247.0,32.0,22.0,89.0,13.0,104.0,4.0,54.0,46.0,16.0,1221.0,3.0,460.0,6.0,28.0,0.0,22.0,0.0,1.0,4.0,25.0,4.0,14.0,2.0,8.0,1.0,3.0,11.0,8.0,2.0,0.0,9.0,831.0,5.0,85.0,16.0,1151.0,107.0,15813.0,87596.0,0.0,73744.0,0.0,42.0,1040.0,0.0,0.0,12310.0,0.0,0.0,0.0,0.0,17.0,87153.0,11776.0,4046698.0,683008.0
hXkf7nxQJEItSC95GDad,4,61.0,1.0,3.0,0.0,2.0,0.0,0.0,2.0,20.0,0.0,0.0,172.0,3.0,0.0,0.0,72.0,1.0,3.0,0.0,0.0,2.0,306.0,294.0,0.0,0.0,1.0,0.0,0.0,0.0,502.0,41.0,0.0,50.0,1.0,64.0,0.0,18.0,70.0,18.0,56.0,0.0,412.0,0.0,0.0,0.0,5.0,0.0,0.0,0.0,2.0,0.0,2.0,0.0,1.0,0.0,6.0,0.0,0.0,0.0,0.0,0.0,516.0,0.0,7.0,3.0,559.0,27.0,15410.0,103068.0,0.0,80914.0,0.0,103.0,296.0,0.0,0.0,561.0,0.0,0.0,0.0,0.0,17.0,84692.0,12288.0,3742267.0,712704.0
aKQpObrHFW6ymA2uwdXP,7,11.0,0.0,0.0,0.0,0.0,0.0,0.0,0.0,8.0,0.0,0.0,79.0,0.0,0.0,0.0,19.0,0.0,0.0,0.0,0.0,0.0,3.0,63.0,0.0,0.0,0.0,0.0,0.0,0.0,3.0,119.0,0.0,0.0,0.0,0.0,0.0,40.0,7.0,2.0,31.0,0.0,63.0,0.0,0.0,0.0,1.0,1.0,0.0,0.0,0.0,0.0,0.0,0.0,0.0,0.0,0.0,0.0,0.0,1.0,0.0,0.0,213.0,0.0,0.0,0.0,22.0,1.0,97954.0,1377460.0,0.0,1039.0,0.0,0.0,1457.0,0.0,3.0,1116.0,0.0,0.0,0.0,0.0,17.0,3665.0,86784.0,171416.0,5033472.0
D2TGLaizwXHf3YjNJ1pv,4,59.0,1.0,3.0,4.0,12.0,32.0,0.0,7.0,47.0,3.0,30.0,249.0,17.0,0.0,0.0,121.0,28.0,29.0,1.0,66.0,2.0,58.0,95.0,22.0,0.0,2.0,30.0,0.0,1.0,166.0,88.0,93.0,55.0,38.0,52.0,21.0,51.0,24.0,15.0,327.0,15.0,406.0,0.0,28.0,13.0,10.0,0.0,1.0,21.0,22.0,6.0,3.0,0.0,0.0,1.0,50.0,1.0,19.0,31.0,0.0,1.0,645.0,32.0,160.0,19.0,593.0,141.0,10809.0,12964.0,0.0,26513.0,3.0,3.0,16913.0,0.0,3.0,3279.0,0.0,0.0,0.0,0.0,17.0,46731.0,4864.0,2077786.0,282112.0
6Ij39ZnpNmcdKOUe0BvY,4,24.0,1.0,1.0,6.0,10.0,49.0,0.0,1.0,57.0,0.0,36.0,273.0,0.0,0.0,0.0,119.0,35.0,32.0,3.0,90.0,3.0,38.0,68.0,0.0,0.0,1.0,43.0,0.0,0.0,130.0,65.0,100.0,33.0,37.0,36.0,0.0,70.0,17.0,7.0,265.0,0.0,378.0,0.0,14.0,0.0,11.0,4.0,0.0,0.0,11.0,7.0,3.0,0.0,3.0,0.0,48.0,2.0,24.0,39.0,4.0,1.0,478.0,43.0,130.0,13.0,521.0,143.0,21432.0,96312.0,0.0,27344.0,3.0,3.0,96251.0,0.0,3.0,3466.0,0.0,0.0,0.0,0.0,17.0,127087.0,15104.0,5165674.0,876032.0
BxPFmVlCKJpDQzIZcEAs,7,2.0,0.0,0.0,0.0,0.0,0.0,0.0,0.0,11.0,0.0,0.0,81.0,1.0,0.0,0.0,11.0,0.0,0.0,0.0,0.0,0.0,2.0,122.0,0.0,0.0,0.0,0.0,0.0,0.0,3.0,119.0,0.0,0.0,0.0,0.0,0.0,87.0,5.0,2.0,1.0,0.0,69.0,0.0,0.0,0.0,1.0,1.0,0.0,0.0,0.0,0.0,0.0,0.0,0.0,0.0,0.0,0.0,0.0,1.0,0.0,0.0,285.0,0.0,0.0,0.0,22.0,1.0,102441.0,1451188.0,0.0,1041.0,0.0,0.0,1470.0,0.0,3.0,1264.0,33.0,0.0,0.0,0.0,17.0,3828.0,91392.0,177615.0,5300736.0
Fiq2TudjL5KZAoBScWvJ,7,8.0,0.0,0.0,0.0,0.0,0.0,0.0,0.0,7.0,0.0,0.0,80.0,0.0,0.0,0.0,21.0,0.0,0.0,0.0,0.0,0.0,3.0,69.0,0.0,0.0,0.0,0.0,0.0,0.0,4.0,119.0,0.0,0.0,0.0,0.0,0.0,41.0,5.0,2.0,31.0,0.0,59.0,0.0,0.0,0.0,1.0,0.0,0.0,0.0,0.0,0.0,0.0,0.0,0.0,0.0,0.0,0.0,0.0,1.0,0.0,0.0,212.0,0.0,0.0,0.0,22.0,1.0,90016.0,1246388.0,0.0,1039.0,0.0,0.0,1469.0,0.0,3.0,1105.0,0.0,0.0,0.0,0.0,17.0,3666.0,78592.0,170082.0,4558336.0
L2QwdUyG0HISDVk8rcsE,7,66.0,0.0,0.0,0.0,0.0,0.0,0.0,3.0,215.0,0.0,0.0,15.0,1.0,0.0,0.0,57.0,0.0,2.0,0.0,17.0,0.0,97.0,6.0,0.0,2.0,0.0,0.0,0.0,0.0,8.0,9.0,0.0,0.0,0.0,3.0,0.0,7.0,70.0,209.0,45.0,0.0,719.0,0.0,0.0,0.0,3.0,2.0,0.0,0.0,0.0,0.0,0.0,0.0,0.0,0.0,1.0,0.0,0.0,1.0,0.0,0.0,26.0,0.0,2.0,0.0,764.0,281.0,232168.0,497992.0,0.0,435.0,0.0,242.0,279048.0,3.0,3.0,24907.0,0.0,0.0,0.0,0.0,17.0,304655.0,92160.0,13418079.0,5345280.0
iOj4fAeuRb92FNIzQoDt,7,3.0,0.0,0.0,0.0,0.0,0.0,0.0,0.0,7.0,0.0,0.0,83.0,1.0,0.0,0.0,11.0,0.0,0.0,0.0,0.0,0.0,3.0,133.0,0.0,0.0,0.0,0.0,0.0,0.0,3.0,119.0,0.0,0.0,0.0,0.0,0.0,89.0,4.0,0.0,1.0,0.0,65.0,0.0,0.0,0.0,1.0,0.0,0.0,0.0,0.0,0.0,0.0,0.0,0.0,0.0,0.0,0.0,0.0,1.0,0.0,0.0,284.0,0.0,0.0,0.0,18.0,1.0,103165.0,1451188.0,0.0,1041.0,0.0,0.0,1471.0,0.0,3.0,1263.0,33.0,0.0,0.0,0.0,17.0,3828.0,91392.0,177643.0,5300736.0
cRsXVg26e15oik7JNjE9,7,77.0,0.0,1.0,0.0,21.0,0.0,0.0,19.0,198.0,0.0,0.0,19.0,0.0,0.0,0.0,210.0,0.0,12.0,1.0,0.0,0.0,100.0,9.0,2.0,1.0,0.0,0.0,0.0,0.0,12.0,9.0,3.0,1.0,0.0,6.0,0.0,7.0,54.0,236.0,385.0,0.0,773.0,0.0,1.0,0.0,2.0,3.0,0.0,0.0,0.0,0.0,0.0,0.0,0.0,0.0,1.0,0.0,0.0,6.0,0.0,0.0,21.0,0.0,2.0,0.0,1146.0,295.0,363769.0,440696.0,0.0,184748.0,0.0,1157.0,215560.0,3.0,3.0,35846.0,0.0,0.0,0.0,0.0,17.0,437334.0,93184.0,20441025.0,5404672.0
asKPnzUXjShMc0Tl6Wge,5,44.0,0.0,0.0,0.0,33.0,2.0,0.0,0.0,27.0,0.0,26.0,155.0,0.0,6.0,0.0,85.0,0.0,35.0,0.0,3.0,1.0,51.0,265.0,0.0,0.0,0.0,1.0,0.0,5.0,244.0,200.0,0.0,6.0,26.0,59.0,0.0,31.0,86.0,17.0,0.0,2.0,744.0,0.0,0.0,0.0,2.0,3.0,2.0,0.0,0.0,3.0,12.0,0.0,0.0,2.0,11.0,1.0,0.0,0.0,0.0,7.0,441.0,1.0,53.0,25.0,955.0,31.0,47609.0,323012.0,0.0,5765.0,3492.0,496.0,570.0,0.0,3.0,3603.0,0.0,0.0,0.0,0.0,17.0,237706.0,36096.0,9574083.0,2093568.0
BKXtxeYlLsprabEWIQhn,5,205.0,0.0,0.0,0.0,4.0,0.0,1.0,1.0,123.0,0.0,184.0,174.0,0.0,22.0,0.0,134.0,9.0,13.0,0.0,6.0,112.0,37.0,318.0,0.0,2.0,84.0,100.0,0.0,0.0,408.0,351.0,0.0,0.0,185.0,48.0,0.0,95.0,315.0,111.0,339.0,0.0,2619.0,0.0,4.0,1.0,14.0,0.0,6.0,0.0,0.0,22.0,34.0,0.0,1.0,41.0,14.0,0.0,0.0,0.0,0.0,16.0,670.0,100.0,25.0,11.0,1862.0,403.0,45687.0,54044.0,0.0,222865.0,0.0,295.0,751.0,0.0,3.0,3918.0,0.0,0.0,0.0,0.0,19.0,233716.0,21248.0,10278860.0,1232384.0
3m8kb5ILPrHcMC1o9Nht,5,69.0,0.0,0.0,0.0,32.0,0.0,0.0,0.0,22.0,0.0,17.0,290.0,0.0,1.0,0.0,97.0,0.0,38.0,0.0,0.0,0.0,67.0,290.0,0.0,2.0,0.0,0.0,0.0,0.0,222.0,110.0,0.0,4.0,17.0,73.0,0.0,32.0,65.0,30.0,0.0,0.0,665.0,1.0,3.0,0.0,4.0,2.0,2.0,0.0,0.0,0.0,2.0,0.0,0.0,2.0,14.0,0.0,0.0,0.0,0.0,0.0,416.0,0.0,79.0,21.0,1026.0,30.0,90597.0,923320.0,0.0,6355.0,0.0,149.0,312.0,0.0,3.0,3367.0,0.0,0.0,0.0,0.0,19.0,234563.0,73216.0,10062140.0,4246528.0
GkMBlvTidr5oyYOVJCwc,5,30.0,0.0,0.0,0.0,22.0,0.0,0.0,5.0,24.0,0.0,17.0,90.0,0.0,0.0,0.0,83.0,0.0,25.0,0.0,2.0,1.0,56.0,262.0,0.0,1.0,1.0,0.0,0.0,0.0,213.0,90.0,0.0,4.0,17.0,37.0,0.0,22.0,74.0,6.0,2.0,1.0,727.0,1.0,1.0,2.0,3.0,5.0,0.0,0.0,0.0,0.0,0.0,0.0,1.0,0.0,18.0,0.0,0.0,1.0,0.0,0.0,332.0,0.0,35.0,30.0,578.0,21.0,118310.0,1296936.0,0.0,10525.0,15.0,0.0,7162.0,0.0,3.0,2695.0,0.0,0.0,0.0,0.0,19.0,20419.0,97536.0,935789.0,5657088.0
F6nOrb9ipd0SskWuJjUw,5,31.0,0.0,0.0,0.0,27.0,0.0,0.0,2.0,15.0,1.0,27.0,85.0,0.0,0.0,0.0,77.0,0.0,22.0,0.0,2.0,1.0,71.0,263.0,0.0,1.0,0.0,0.0,0.0,0.0,213.0,93.0,0.0,2.0,27.0,37.0,0.0,28.0,80.0,16.0,3.0,0.0,740.0,1.0,1.0,0.0,4.0,1.0,0.0,0.0,0.0,0.0,1.0,0.0,0.0,0.0,24.0,1.0,0.0,0.0,0.0,0.0,364.0,0.0,37.0,23.0,646.0,21.0,52423.0,370636.0,0.0,0.0,0.0,0.0,111121.0,0.0,3.0,0.0,0.0,0.0,111120.0,0.0,19.0,244343.0,39680.0,9799927.0,2301440.0
Hc5LqZVK2yzlsb8BEfdO,5,28.0,0.0,0.0,0.0,39.0,0.0,0.0,8.0,35.0,1.0,20.0,140.0,0.0,2.0,0.0,91.0,0.0,35.0,0.0,3.0,0.0,80.0,287.0,0.0,0.0,0.0,0.0,1.0,0.0,217.0,94.0,1.0,4.0,20.0,55.0,0.0,28.0,86.0,18.0,1.0,1.0,829.0,0.0,4.0,1.0,5.0,0.0,0.0,0.0,0.0,5.0,9.0,0.0,1.0,0.0,27.0,0.0,0.0,0.0,0.0,5.0,364.0,0.0,52.0,37.0,2425.0,27.0,157490.0,1898320.0,0.0,5615.0,6.0,242.0,5126.0,0.0,3.0,3442.0,0.0,0.0,0.0,0.0,17.0,28364.0,135424.0,1236656.0,7854592.0
idjesBrKybwkzPXMalUL,5,20.0,0.0,0.0,0.0,0.0,0.0,0.0,7.0,20.0,0.0,6.0,27.0,0.0,5.0,0.0,67.0,0.0,8.0,0.0,0.0,1.0,25.0,66.0,0.0,1.0,1.0,0.0,0.0,0.0,65.0,62.0,0.0,0.0,7.0,3.0,0.0,23.0,24.0,34.0,49.0,0.0,460.0,0.0,2.0,0.0,9.0,6.0,0.0,0.0,0.0,0.0,3.0,0.0,1.0,0.0,5.0,0.0,0.0,0.0,0.0,1.0,110.0,1.0,0.0,3.0,516.0,53.0,167923.0,2048548.0,0.0,241626.0,0.0,399.0,641.0,0.0,0.0,220.0,0.0,0.0,0.0,0.0,19.0,244426.0,144640.0,10675851.0,8389120.0
cIojVJGQOtrL0S1ApeDY,5,36.0,0.0,0.0,0.0,35.0,0.0,0.0,6.0,19.0,0.0,26.0,158.0,0.0,3.0,0.0,137.0,0.0,39.0,0.0,6.0,0.0,61.0,307.0,0.0,2.0,0.0,0.0,0.0,1.0,227.0,282.0,1.0,3.0,26.0,57.0,1.0,39.0,66.0,19.0,2.0,0.0,801.0,0.0,1.0,0.0,3.0,9.0,1.0,1.0,0.0,6.0,12.0,0.0,0.0,1.0,23.0,0.0,0.0,0.0,0.0,7.0,532.0,1.0,54.0,36.0,1080.0,27.0,43570.0,216780.0,0.0,5401.0,3.0,754.0,1278.0,0.0,3.0,3971.0,0.0,0.0,0.0,0.0,17.0,235201.0,30208.0,9544217.0,1752064.0
i8WIr0dtVHSGMmwFlcUY,5,42.0,3.0,0.0,0.0,39.0,0.0,0.0,2.0,25.0,0.0,31.0,128.0,0.0,4.0,0.0,73.0,0.0,31.0,0.0,0.0,0.0,58.0,299.0,0.0,0.0,0.0,0.0,0.0,0.0,228.0,104.0,0.0,2.0,31.0,50.0,0.0,31.0,94.0,17.0,1.0,1.0,720.0,0.0,1.0,0.0,1.0,5.0,1.0,0.0,0.0,8.0,8.0,1.0,0.0,1.0,19.0,0.0,0.0,0.0,0.0,1.0,396.0,0.0,54.0,36.0,844.0,29.0,58974.0,477988.0,0.0,6768.0,0.0,251.0,9485.0,3.0,3.0,3265.0,0.0,0.0,0.0,0.0,17.0,240487.0,46080.0,10130536.0,2672640.0
hrguW0CqMt2mJdfvX8IB,5,152.0,1.0,0.0,2.0,77.0,1.0,1.0,5.0,89.0,2.0,16.0,350.0,2.0,38.0,0.0,153.0,0.0,76.0,1.0,6.0,5.0,175.0,361.0,1.0,16.0,5.0,1.0,2.0,2.0,338.0,398.0,22.0,15.0,16.0,111.0,1.0,113.0,115.0,128.0,71.0,2.0,1342.0,2.0,13.0,1.0,1.0,7.0,5.0,1.0,3.0,29.0,62.0,0.0,1.0,5.0,11.0,1.0,3.0,1.0,1.0,33.0,1229.0,1.0,100.0,14.0,2240.0,152.0,47038.0,480764.0,0.0,63380.0,0.0,331.0,525.0,0.0,3.0,6229.0,0.0,0.0,0.0,0.0,17.0,77324.0,35840.0,3493443.0,2078720.0
e2r6IncxE1LQOKFGgphj,5,30.0,0.0,0.0,0.0,25.0,0.0,0.0,0.0,23.0,0.0,19.0,109.0,0.0,2.0,0.0,48.0,0.0,31.0,0.0,0.0,0.0,41.0,237.0,0.0,1.0,0.0,0.0,1.0,0.0,178.0,97.0,1.0,2.0,19.0,43.0,0.0,19.0,63.0,26.0,1.0,0.0,659.0,0.0,2.0,0.0,1.0,5.0,0.0,0.0,0.0,4.0,6.0,0.0,0.0,1.0,18.0,0.0,0.0,2.0,0.0,4.0,277.0,0.0,42.0,27.0,626.0,16.0,130026.0,1493588.0,0.0,9558.0,9.0,92.0,439.0,0.0,3.0,2563.0,0.0,0.0,0.0,0.0,17.0,25013.0,110080.0,1104329.0,6384640.0
epLciPaHrTu1gl4CW7Uf,5,21.0,0.0,0.0,1.0,35.0,0.0,0.0,0.0,17.0,0.0,14.0,95.0,0.0,4.0,0.0,51.0,1.0,29.0,0.0,0.0,0.0,61.0,264.0,0.0,4.0,0.0,0.0,0.0,0.0,181.0,95.0,0.0,2.0,14.0,44.0,0.0,25.0,84.0,26.0,0.0,0.0,649.0,0.0,3.0,1.0,3.0,2.0,0.0,0.0,0.0,6.0,5.0,0.0,0.0,0.0,15.0,0.0,0.0,0.0,0.0,3.0,355.0,0.0,45.0,35.0,750.0,20.0,92956.0,895688.0,0.0,8176.0,6.0,141.0,765.0,0.0,3.0,117504.0,0.0,0.0,0.0,0.0,19.0,228517.0,71680.0,9486285.0,4157440.0
4UTMdcZkxzLvwygO8EuK,5,25.0,0.0,0.0,0.0,0.0,0.0,0.0,7.0,15.0,0.0,0.0,16.0,0.0,4.0,0.0,97.0,0.0,17.0,0.0,0.0,1.0,17.0,17.0,0.0,0.0,1.0,1.0,0.0,0.0,19.0,49.0,0.0,0.0,1.0,2.0,0.0,12.0,10.0,20.0,32.0,0.0,174.0,0.0,0.0,0.0,9.0,7.0,0.0,0.0,0.0,0.0,1.0,0.0,1.0,1.0,2.0,0.0,0.0,0.0,0.0,1.0,49.0,4.0,0.0,1.0,447.0,33.0,167665.0,2052704.0,0.0,241468.0,0.0,443.0,719.0,0.0,0.0,208.0,0.0,0.0,0.0,0.0,19.0,243614.0,144896.0,10640256.0,8403968.0
dKcE7Q1zuFViSaDRUtxY,5,25.0,0.0,0.0,1.0,25.0,0.0,0.0,2.0,28.0,0.0,18.0,102.0,0.0,2.0,0.0,80.0,0.0,29.0,0.0,2.0,0.0,58.0,228.0,0.0,0.0,0.0,0.0,0.0,0.0,197.0,73.0,0.0,2.0,18.0,47.0,0.0,24.0,70.0,10.0,1.0,1.0,667.0,0.0,2.0,0.0,1.0,0.0,0.0,0.0,0.0,2.0,4.0,0.0,2.0,0.0,13.0,1.0,0.0,1.0,0.0,2.0,326.0,1.0,30.0,27.0,769.0,14.0,91047.0,861532.0,0.0,7167.0,6.0,240.0,882.0,0.0,3.0,2839.0,0.0,0.0,7696.0,0.0,19.0,26617.0,69376.0,1193955.0,4023808.0
