ID,Class,and,jns,popa,jnp,rol,popf,sal,int,jnz,pushf,imul,pop,pusha,jnb,rcr,in,sar,ror,jno,out,jg,xor,sub,cld,neg,jge,idiv,clc,rcl,add,call,adc,xchg,mul,inc,cwd,ret,lea,jz,jmp,jp,mov,js,sbb,jo,not,je,jle,cwde,nop,ja,jb,cli,std,jl,shr,stc,cmc,sti,jecxz,jbe,push,div,dec,shl,or,cmp,00,??,.APdHNF,.CrDK,.DGxYI,.DV,.ER,.EryAb,.FMVaU,.GNorl,.GZ,.Gl,.GsA,.LMER,.NJh,.OInf,.QOuSCV,.QcC,.Qq,.RQmp,.Tls,.UsNfGf,.Vw,.WyDl,.YDee,.Yhqxw,.YkpSJz,.aI,.bss,.code,.dWR,.data,.data1,.edata,.gc,.icode,.idata,.jRe,.lM,.oUlM,.pRYc,.pdata,.rata,.rdata,.reloc,.rsrc,.text,.tls,.ugr,.xMC,.yfOok,.zenc,BSS,CODE,DATA,FaxTrace,GAP,HEADER,LOC-asm,LOC-byte,UPX0,UPX1,bss,fileSize-asm,fileSize-byte,seg000
hZ9FgpT4IDNx2mEi61r7,7,21,0,0,0,0,0,0,0,7,0,0,157,0,0,0,39,0,0,0,0,0,3,81,0,0,0,0,0,0,3,119,0,0,0,0,0,40,14,2,32,0,70,0,0,0,1,0,0,0,0,0,0,0,0,0,0,0,0,1,0,0,282,0,0,0,95,1,88613,1234104,0,0,0,0,0,0,0,0,0,0,0,0,0,0,0,0,0,0,33,0,0,0,0,0,0,0,0,0,0,1039,0,0,0,0,145,0,0,0,0,0,0,252,0,3,1316,0,0,0,0,0,0,0,0,0,0,17,2805,77824,0,0,0,145300,4513792,0
HzvWS4IuPE9idXmlgOAw,2,268,22,1,0,2,765,1,40,229,764,1537,1552,1,24,1,575,28,23,0,1,59,2659,553,0,5,46,2,0,0,399,657,3,5348,3074,297,0,125,547,231,207,0,11481,0,4,4,33,7,48,0,6113,19,56,0,4,121,113,1,0,0,0,11,1890,9,114,110,4797,492,32643,17372,0,0,0,0,0,0,0,0,0,0,0,0,0,0,0,0,0,0,0,0,0,0,0,0,0,0,0,0,0,6387,0,0,0,0,496,0,0,0,0,0,0,21245,0,0,42194,0,0,0,0,0,0,0,0,0,0,0,70322,11776,0,0,0,3352216,683008,0
kAQCMqUNsZDoribmvw84,4,44,0,0,1,10,5,0,3,31,0,24,139,2,16,0,86,3,26,8,37,9,64,102,1,0,2,15,2,0,105,82,61,55,29,47,17,65,71,24,183,13,231,13,50,1,9,24,1,17,35,15,3,9,17,2,28,1,9,15,24,1,383,15,57,7,466,62,46536,340536,0,0,0,0,0,0,0,0,0,0,0,0,0,0,0,0,0,0,0,0,0,0,0,0,0,0,0,0,0,26070,0,3,0,0,3,0,0,0,0,0,0,262672,0,3,3335,0,0,0,0,0,0,0,0,0,0,17,292103,40192,0,0,0,11481954,2331136,0
be2nNEi3PtM5ZoLSusWv,2,259,40,0,0,17,0,3,26,318,0,6,472,0,41,0,303,32,14,0,1,44,406,482,0,12,28,0,0,0,197,335,0,0,10,155,0,320,397,407,376,0,2248,0,9,0,35,10,9,0,1,10,92,0,1,60,36,1,0,0,0,15,894,2,88,85,2401,489,141121,12104,0,0,0,0,0,0,0,0,0,0,0,0,0,0,0,0,0,0,0,0,0,0,0,0,0,0,0,0,0,838490,0,0,0,0,485,0,0,0,0,0,0,39630,0,0,13871,0,0,0,0,0,0,0,0,0,0,0,892476,75363,0,0,0,38697328,4371054,0
0NiOTDde1ktxg954SJFE,3,17,0,1,0,0,0,0,0,8,0,0,246,1,0,0,17,0,3,0,0,1,51,263,0,0,0,0,0,0,125,222,10,0,0,0,0,101,46,5,1,0,197,0,11,0,1,0,0,0,2,0,5,0,0,0,0,0,0,0,0,2,526,0,3,0,276,9,168390,1488028,0,0,0,0,0,0,0,0,0,0,0,0,0,0,0,0,0,0,0,0,0,0,0,0,0,0,0,0,0,1057,0,0,0,0,141,0,0,0,0,0,0,2001,0,3,2552,0,0,0,0,0,0,0,0,0,0,17,5771,146432,0,0,0,273736,8493056,0
8bI2sDvzVOAPKnGXrWpE,3,13,0,1,0,0,0,0,0,4,0,0,137,1,0,0,21,0,14,0,0,0,9,138,0,0,0,0,0,0,95,136,6,1,0,1,0,46,39,0,0,0,144,0,6,0,1,0,0,0,1,1,6,0,0,0,0,0,0,0,0,5,275,0,2,0,192,8,168288,1491612,0,0,0,0,0,0,0,0,0,0,0,0,0,0,0,0,0,0,0,0,0,0,0,0,0,0,0,0,0,1069,0,0,0,0,126,0,0,0,0,0,0,210,0,3,1691,0,0,0,0,0,0,0,0,0,0,17,3116,146432,0,0,0,165072,8493056,0
kKEvpQMV1qzLfeTWDtF2,2,266,40,0,0,28,0,3,26,318,0,6,484,0,41,0,310,32,18,0,1,44,414,484,0,12,28,0,0,0,205,330,0,0,18,155,0,333,406,419,352,0,2276,0,9,0,35,10,9,0,1,10,91,0,1,60,48,1,0,0,0,15,899,14,89,85,2403,488,181114,11444,0,0,0,0,0,0,0,0,0,0,0,0,0,0,0,0,0,0,0,0,0,0,0,0,0,0,0,0,0,30494,0,0,0,0,434,0,0,0,0,0,0,880311,0,0,14089,0,0,0,0,0,0,0,0,0,0,0,925328,75356,0,0,0,35400049,4370610,0
1QTsYc7DZ2VxmfJFUXhN,8,87,0,1,1,2,1,1,4,68,0,2,32,0,16,1,28,19,2,0,3,9,10,447,0,0,4,0,0,1,419,203,2,5,2,9,0,31,17,78,70,0,2555,2,3,0,1,3,5,0,0,1,3,0,0,9,2,2,1,2,1,2,127,3,5,31,1938,184,33675,9008,0,0,0,0,0,0,0,0,0,0,0,0,0,0,0,0,0,0,0,0,0,0,0,0,0,0,92,0,0,4595,0,0,0,0,206,0,0,0,0,0,0,0,0,3,8728,0,0,0,0,0,0,0,0,0,0,18,13642,7936,0,0,0,964567,460288,0
GTQjgZSf6328a5et7wNR,2,39,1,1,0,2,0,0,16,93,0,6,295,1,4,0,205,3,18,0,1,13,125,147,0,1,8,2,0,0,131,349,0,0,6,55,0,49,353,119,73,0,1040,0,1,3,2,15,10,0,0,4,23,0,0,31,1,0,0,0,0,11,433,5,14,5,1123,227,8692,43468,0,0,0,0,0,0,0,0,0,0,0,0,0,0,0,0,0,0,0,0,0,0,0,0,0,0,0,0,0,578,0,0,0,0,441,0,0,0,0,0,0,978,0,0,6420,0,0,0,0,0,0,0,0,0,0,0,8417,4096,0,0,0,503677,237568,0
gm6EuQ9WT1AbsPJOSnKc,9,50,0,0,0,2,0,0,2,19,0,0,120,0,0,0,33,0,2,0,0,0,374,260,0,0,0,0,0,0,96,124,52,0,0,0,0,46,167,45,1,0,91,0,100,0,1,8,2,0,0,27,49,0,0,83,0,0,0,0,0,0,375,2,0,0,1423,130,179980,404,0,0,0,0,0,0,0,0,0,0,0,0,0,0,0,0,0,0,0,0,0,0,0,0,0,0,0,0,0,90,0,0,0,0,262,0,0,0,0,0,0,1090,0,0,68430,0,0,0,0,0,0,0,0,0,0,18,69890,83200,0,0,0,8784142,4825600,0
GBpWNc6frYvmq57wyxgX,4,42,0,1,12,13,55,0,1,62,0,58,293,0,2,0,130,53,49,0,113,2,34,71,0,0,2,54,0,0,128,71,119,51,59,18,0,78,19,8,256,0,461,0,24,0,12,5,0,0,19,20,3,0,0,0,64,2,43,51,5,1,487,54,172,3,599,180,21963,91300,0,0,0,0,0,0,0,0,0,0,0,0,0,0,0,0,0,0,0,0,0,0,0,0,0,0,0,0,0,32424,0,3,0,0,3,0,0,0,0,0,0,96272,0,3,4424,0,0,0,0,0,0,0,0,0,0,17,133146,15104,0,0,0,5418256,876032,0
75yjfqgYnbkFS4xd2mWN,3,18,0,1,0,0,0,0,0,6,0,0,145,1,0,0,29,0,9,0,0,0,9,135,0,0,0,0,0,0,96,137,7,0,0,1,0,46,36,0,0,0,252,0,7,0,1,0,0,0,1,1,3,0,0,0,0,0,0,0,0,3,356,0,1,0,267,5,167219,1491612,0,0,0,0,0,0,0,0,0,0,0,0,0,0,0,0,0,0,0,0,0,0,0,0,0,0,0,0,0,1071,0,0,0,0,124,0,0,0,0,0,0,218,0,3,1809,0,0,0,0,0,0,0,0,0,0,17,3242,146432,0,0,0,171732,8493056,0
IjcoL9OvTtrmEYgidSNQ,2,227,20,1,0,7,1,0,15,46,1,33,255,1,24,2,173,27,12,0,0,16,143,405,0,17,14,0,0,0,217,254,29,0,45,69,0,120,197,61,87,0,1861,0,14,0,49,2,0,0,2,5,88,0,2,25,15,0,0,0,0,18,330,5,44,57,1623,194,205894,8784,0,0,0,0,0,0,0,0,0,0,0,0,0,0,0,0,0,0,0,0,0,0,0,0,0,0,0,0,0,4678,0,0,0,0,515,0,0,0,0,0,0,7298,0,0,7237,0,0,0,0,85230,0,0,0,0,0,0,104958,111360,0,0,0,12122947,6458880,0
ATDpmb5qodJ1VRrc9KNg,2,954,40,0,0,21,29,4,58,1104,29,186,2483,0,189,1,874,103,33,0,14,153,1262,2495,4,54,80,2,2,0,2413,1549,1,4,245,589,3,1458,1186,1391,818,0,13137,2,31,1,116,9,113,3,2,83,502,0,7,285,384,0,0,1,0,230,3953,50,569,387,7918,1815,583648,10656,0,0,0,0,0,0,0,0,0,0,0,0,0,0,0,0,0,0,0,0,0,0,0,0,0,0,0,0,0,34902,0,0,0,0,372,0,0,0,0,0,0,1224290,0,0,58765,0,0,0,0,0,0,0,0,0,0,0,1318329,105540,0,0,0,50775554,6121306,0
HxiWO1uaVGkR65QoAwYD,3,16,0,1,0,0,0,0,0,5,0,0,137,1,0,0,17,0,17,0,0,0,10,136,0,0,0,0,0,0,97,137,1,0,0,1,0,46,50,1,0,0,150,0,6,0,1,0,0,0,1,1,2,0,0,0,0,0,0,0,0,1,272,0,2,0,199,4,167265,1491612,0,0,0,0,0,0,0,0,0,0,0,0,0,0,0,0,0,0,0,0,0,0,0,0,0,0,0,0,0,1068,0,0,0,0,129,0,0,0,0,0,0,213,0,3,1712,0,0,0,0,0,0,0,0,0,0,17,3142,146432,0,0,0,166996,8493056,0
9SOPAylKjf2HnxEhRC6I,3,17,0,1,0,0,0,0,0,9,0,0,172,1,0,0,17,0,3,0,0,0,8,135,0,0,0,0,0,0,190,171,2,1,0,0,0,46,37,4,1,0,159,0,4,0,1,3,0,0,0,1,2,0,0,0,0,0,0,0,0,0,367,0,3,0,191,6,167805,1490076,0,0,0,0,0,0,0,0,0,0,0,0,0,0,0,0,0,0,0,0,0,0,0,0,0,0,0,0,0,1039,0,0,0,0,141,0,0,0,0,0,0,219,0,3,1996,0,0,0,0,0,0,0,0,0,0,17,3415,146432,0,0,0,180491,8493056,0
4JlgupTC2XdIvxE1oHjq,6,27,0,0,0,0,0,0,2,37,0,0,62,0,1,0,24,1,6,0,0,3,39,55,0,0,1,0,0,0,72,110,0,0,0,0,0,20,102,48,14,0,314,0,0,0,2,1,5,0,0,2,6,0,0,20,1,0,0,0,0,4,328,0,0,1,356,64,22827,61656,0,0,0,0,0,0,0,0,0,0,0,0,0,0,0,0,0,0,0,0,0,0,0,0,0,0,0,0,0,125140,0,0,0,0,180,0,0,0,0,0,0,451,0,0,1971,0,0,0,0,0,0,0,0,0,11,17,127770,12544,0,0,0,5587126,727552,0
dHjMq0s9tDrBS6Fp7TuI,1,655,5,0,0,20,0,0,32,591,1,15,1226,1,38,0,751,22,9,0,14,73,427,283,0,86,51,2,0,8,291,468,0,1,15,161,0,523,979,968,680,3,4270,7,88,5,3,289,36,0,10,30,89,0,0,257,16,0,0,1,0,61,2059,6,103,13,4680,963,22609,812,0,0,0,0,0,0,0,0,0,0,0,0,0,0,0,0,0,0,0,0,0,0,0,0,0,0,0,0,0,943,0,0,0,0,874,0,0,0,0,0,0,0,3,3,39518,0,0,0,0,0,0,0,0,0,0,19,41360,15104,0,0,0,2755987,876032,0
g4Ls62ly8VRruEBZID9v,2,256,40,0,0,17,0,3,26,318,0,6,471,0,41,0,296,32,13,0,1,44,407,482,0,12,28,0,0,0,195,333,0,0,10,155,0,318,395,407,349,0,2238,0,9,0,35,8,9,0,1,10,90,0,1,60,36,1,0,0,0,15,894,2,88,85,2369,487,147660,12876,0,0,0,0,0,0,0,0,0,0,0,0,0,0,0,0,0,0,0,0,0,0,0,0,0,0,0,0,0,838752,0,0,0,0,408,0,0,0,0,0,0,39656,0,0,13786,0,0,0,0,0,0,0,0,0,0,0,892602,75346,0,0,0,38316981,4370042,0
4MBXbUW23oprHNGIRlaw,9,111,0,0,0,2,0,0,2,57,0,0,29,0,0,0,45,0,4,0,0,0,217,311,0,0,0,0,0,0,227,111,225,0,0,0,0,45,82,61,1,0,188,0,156,0,1,8,6,0,0,11,31,0,0,87,0,0,0,0,0,0,284,2,0,0,1178,122,30817,484,0,0,0,0,0,0,0,0,0,0,0,0,0,0,0,0,0,0,0,0,0,0,0,0,0,0,0,0,0,896,0,0,0,0,308,0,0,0,0,0,0,736,0,0,11070,0,0,0,0,0,0,0,0,0,0,18,13028,10752,0,0,0,1299365,623616,0
19emSiJG8vrZgT2zXEIY,8,45,0,1,1,2,3,0,2,62,2,5,38,2,15,1,82,14,0,3,7,9,15,463,0,0,6,1,2,1,387,173,4,6,5,12,1,27,18,69,69,1,2418,1,7,2,1,1,8,1,0,1,4,1,2,10,0,0,0,2,1,3,131,4,18,16,1864,171,27886,5836,0,0,0,0,0,0,0,0,0,0,0,0,0,0,0,0,0,0,0,0,0,0,0,0,0,0,7164,0,0,9829,0,0,0,0,147,0,0,0,0,0,0,0,0,3,8575,0,0,0,0,0,0,0,0,0,0,18,25736,7680,0,0,0,1428940,445440,0
GoYCdUnVlSbXwk8I9r1O,3,9,0,1,0,3,0,0,0,4,0,0,94,1,0,0,28,0,3,0,0,0,47,67,0,0,0,0,0,0,65,127,1,0,0,0,0,16,12,1,0,0,56,0,4,0,1,3,0,0,0,1,0,0,0,0,0,0,0,0,0,0,123,0,2,0,156,2,167474,1498268,0,0,0,0,0,0,0,0,0,0,0,0,0,0,0,0,0,0,0,0,0,0,0,0,0,0,0,0,0,1018,0,0,0,0,193,0,0,0,0,0,0,218,0,3,970,0,0,0,0,0,0,0,0,0,0,17,2419,146688,0,0,0,127403,8507904,0
04mcPSei852tgIKUwTJr,9,227,0,0,0,2,0,0,4,69,0,0,203,0,0,0,37,0,4,0,0,0,72,319,0,0,0,0,0,0,73,133,257,1,0,0,0,62,358,81,1,0,46,0,296,0,1,2,5,0,0,82,47,0,0,67,0,0,0,0,0,0,481,2,0,0,1163,154,45215,388,0,0,0,0,0,0,0,0,0,0,0,0,0,0,0,0,0,0,0,0,0,0,0,0,0,0,0,0,0,342,0,0,0,0,243,0,0,0,0,0,0,1133,0,0,11379,0,0,0,0,0,0,0,0,0,0,18,13115,10752,0,0,0,1232205,623616,0
jGqYz9DaFMOWUlSwJBge,9,505,5,0,0,50,2,1,7,1260,5,92,1795,0,55,2,726,62,36,0,5,159,766,2743,8,54,61,20,0,0,1080,2230,10,1,104,570,1,704,1181,1672,1248,0,8045,7,39,0,48,3,107,1,0,111,237,0,9,220,75,0,0,0,0,82,4724,35,262,57,8499,2428,52168,224980,0,0,0,0,0,0,0,0,0,0,0,0,0,0,0,0,0,0,0,0,0,0,0,0,0,0,0,0,0,7940,0,0,0,0,527,0,0,0,0,0,0,0,0,3,53430,0,0,0,0,0,0,0,0,0,0,20,61920,26624,0,0,0,3733449,1544192,0
CL5Moas9hliPGv6nYSyj,6,88,0,1,0,0,0,0,0,125,0,0,129,0,1,0,161,0,0,0,0,0,183,805,0,0,0,0,0,0,105,632,0,9,0,13,0,197,707,168,99,0,4756,0,0,0,2,23,0,0,98,0,1,0,0,0,3,0,0,0,0,1,624,0,4,1,1575,90,105533,26748,0,0,0,0,0,0,0,0,0,0,0,0,0,0,0,0,0,0,0,0,0,0,0,0,0,0,17,0,0,317401,0,0,0,0,152,0,0,0,0,0,190850,0,0,3,14602,0,0,0,0,0,0,0,0,0,0,17,523042,36352,0,0,0,22808064,2108416,0
E5SkPYDzxpyMwtXTWZ8a,2,224,20,1,0,4,9,0,19,53,9,220,315,1,18,2,214,18,12,0,0,17,282,585,5,6,14,0,0,0,414,224,2,0,312,65,0,237,237,147,102,2,2719,0,6,0,143,12,0,0,9,10,91,0,10,25,98,0,0,0,0,16,400,74,50,58,2165,227,160247,11632,0,0,0,0,0,0,0,0,0,0,0,0,0,0,0,0,0,0,0,0,0,0,0,0,0,0,0,0,0,25834,0,0,0,0,631,0,0,0,0,0,0,27809,0,0,92155,0,0,0,0,0,0,0,0,0,0,0,146429,110336,0,0,0,13479211,6399488,0
eBAwuWTRKbtjQsPSU7ai,8,89,0,47,0,3,0,0,5,67,1,1,80,1,15,0,27,19,3,1,2,9,11,466,0,0,5,0,0,0,423,203,6,12,2,6,0,47,18,77,74,0,2569,1,7,0,2,2,5,0,1,0,49,0,1,10,2,1,0,1,0,48,129,2,9,30,1989,181,28247,9008,0,0,0,0,0,0,0,0,0,0,0,0,0,0,0,0,0,0,0,0,0,0,0,0,0,0,92,0,0,4595,0,0,0,0,206,0,0,0,0,0,0,0,0,3,10325,0,0,0,0,0,0,0,0,0,0,18,15239,7936,0,0,0,1040560,460288,0
EihqA5TIw9bVjH1oPFdx,2,268,22,1,0,2,765,1,40,229,764,3065,1552,1,24,0,578,28,24,0,1,59,8007,553,0,5,46,2,0,0,399,657,2,2292,6130,298,0,125,547,232,207,2,13009,1,4,3,33,9,48,0,3820,20,55,0,4,122,113,1,0,0,0,11,1890,9,114,110,10148,492,33527,17372,0,0,0,0,0,0,0,0,0,0,0,0,0,0,0,0,0,0,0,0,0,0,0,0,0,0,0,0,0,6387,0,0,0,0,496,0,0,0,0,0,0,21245,0,0,46777,0,0,0,0,0,0,0,0,0,0,0,74905,12544,0,0,0,3614284,727552,0
C6tAxBY5P38WivqHs1uG,2,69,0,1,0,4,9,0,19,23,9,26,178,1,19,2,140,1,12,0,0,0,89,276,10,2,0,0,0,0,189,170,0,0,49,10,0,105,132,37,46,0,1384,0,3,0,32,6,0,0,13,11,104,0,10,1,6,0,0,0,0,21,247,5,9,17,1241,152,222993,9904,0,0,0,0,0,0,0,0,0,0,0,0,0,0,0,0,0,0,0,0,0,0,0,0,0,0,0,0,0,2432290,0,0,0,0,517,0,0,0,0,0,0,27599,0,0,5413,0,0,0,0,0,0,0,0,0,0,0,2465819,157440,0,0,0,105815861,9131520,0
5Um2hXGgeCVPwdtInObq,1,773,9,0,0,100,3,0,32,1231,6,236,2312,1,105,2,806,43,4,0,11,63,1304,616,1,76,51,88,0,3,743,757,1,1,253,511,0,900,1658,2041,1388,0,12620,9,58,2,5,24,105,0,0,77,334,6,0,263,178,0,0,6,0,174,4199,220,306,153,11290,2342,93857,4864,0,0,0,0,0,0,0,0,0,0,0,0,0,0,0,0,0,0,0,0,0,0,0,0,0,0,0,0,0,56253,0,0,0,0,826,0,0,0,0,0,0,0,3,3,72536,0,0,0,0,0,0,0,0,0,0,17,129638,19968,0,0,0,6980099,1158144,0
FfoZNXGPOT5tvqRSxmYV,2,402,42,0,0,20,23,3,28,358,23,120,799,0,61,0,310,42,19,0,1,47,570,846,18,19,29,3,0,0,547,434,0,0,308,164,2,511,570,483,410,0,3302,0,14,0,34,8,15,2,9,19,146,0,21,75,144,0,0,0,0,35,1267,55,106,98,3221,617,134213,9052,0,0,0,0,0,0,0,0,0,0,0,0,0,0,0,0,0,0,0,0,0,0,0,0,0,0,0,0,0,30896,0,0,0,0,342,0,0,0,0,0,0,855928,0,0,19947,0,0,0,0,0,0,0,0,0,0,0,907113,77120,0,0,0,34308226,4472922,0
fdMKx46g3GqtF0oLsPNU,3,49,0,0,0,0,0,0,0,15,0,0,268,1,0,0,20,0,10,0,0,0,8,222,0,0,0,0,0,0,123,270,3,0,0,2,0,166,56,3,0,0,188,0,10,0,1,0,0,0,1,2,2,0,0,0,1,0,0,0,0,2,532,0,1,0,218,8,164913,1536156,0,0,0,0,0,0,0,0,0,0,0,0,0,0,0,0,0,0,0,0,0,0,0,0,0,0,0,0,0,783882,0,0,0,0,128,0,0,0,0,0,0,589,0,3,3310,0,0,0,0,0,0,0,0,0,0,19,787931,146432,0,0,0,34285830,8493056,0
fRGHdh4L2OpgNYTJ9zQP,1,178,1,0,0,23,2,0,37,309,5,20,556,1,11,2,414,9,18,0,0,25,239,163,8,16,14,0,0,0,242,519,0,2,34,134,0,236,256,439,244,0,2016,0,16,7,24,4,11,0,0,29,86,1,9,30,46,0,0,2,0,21,742,7,61,8,2213,586,33824,6928,0,0,0,0,0,0,0,0,0,0,0,0,0,0,0,0,0,0,0,0,0,0,0,0,0,0,0,0,0,3078,0,0,0,0,308,0,0,0,0,0,0,0,3,3,14322,0,0,0,0,0,0,0,0,0,0,19,17733,9472,0,0,0,1011788,549376,0
J1pSxIYHluoVsGXdUOrc,3,10,0,1,0,0,0,0,0,9,0,0,177,1,0,0,14,0,6,0,0,0,13,125,0,0,0,0,0,0,189,169,3,1,0,1,0,46,37,2,1,0,152,0,5,0,1,0,0,0,0,1,2,0,0,0,0,0,0,0,0,0,386,0,1,0,193,5,167802,1489564,0,0,0,0,0,0,0,0,0,0,0,0,0,0,0,0,0,0,0,0,0,0,0,0,0,0,0,0,0,1021,0,0,0,0,144,0,0,0,0,0,0,211,0,3,1996,0,0,0,0,0,0,0,0,0,0,19,3394,146432,0,0,0,180482,8493056,0
1RKde4WYoA7c5N8lEHtv,1,56,0,0,0,2,0,0,9,94,0,5,261,1,3,2,109,4,3,0,0,6,102,532,0,23,2,6,0,0,167,377,1,0,11,21,0,227,152,231,88,0,1351,0,8,0,25,6,8,0,0,2,12,0,0,15,14,0,0,0,0,7,581,12,29,13,1117,87,48789,4600,0,0,0,0,0,0,0,0,0,0,0,0,0,0,0,0,0,0,0,0,0,0,0,0,0,0,0,0,0,3788,0,0,0,0,460,0,0,0,0,0,0,1071,3,3,8160,0,0,0,0,0,0,0,0,0,0,17,13502,9216,0,0,0,714034,534528,0
jK9SZWNRLUAhvt8o5Ycx,8,58,1,10,0,2,0,0,16,19,0,5,28,1,70,0,186,3,4,1,4,0,29,90,0,0,0,0,0,0,95,32,2,2,5,43,1,17,17,20,59,1,490,0,0,0,1,4,0,1,0,0,9,1,1,1,1,0,1,0,0,9,79,0,27,2,1034,120,54592,230540,0,0,0,0,0,0,0,0,0,0,0,0,0,0,0,0,0,0,0,0,0,0,0,0,0,0,0,0,0,4155,0,0,0,0,661,0,0,0,0,0,0,11503,3,3,3175,0,0,0,0,0,0,0,0,0,0,18,19518,19712,0,0,0,944502,1143296,0
IUVTHk0fbcLtrx91MeRh,9,272,0,2,0,17,0,0,50,146,0,119,483,0,0,0,301,9,18,0,24,420,460,2580,0,8,414,0,0,0,633,1715,4,0,119,2,0,257,391,596,1060,0,6725,0,0,0,1,51,310,0,0,0,0,0,11,320,2,0,0,0,0,0,2536,7,6,104,7607,758,103950,2744,0,0,0,0,0,0,0,0,0,0,0,0,0,0,0,0,0,0,0,0,0,0,0,0,0,0,0,0,0,155178,0,0,0,0,1797,0,0,0,0,0,0,2584,0,0,25465,0,0,0,0,0,0,0,0,0,0,18,185042,16128,0,0,0,8424612,935424,0
h4BSMuatm2gwqDs8dLJk,9,200,0,0,0,4,0,0,0,42,0,0,407,0,0,0,17,0,2,0,0,0,293,295,0,0,0,0,0,0,112,151,30,0,0,0,0,45,501,40,1,0,159,0,360,0,1,2,4,0,0,215,31,0,0,58,0,0,0,0,0,0,737,2,0,0,1282,219,46567,304,0,0,0,0,0,0,0,0,0,0,0,0,0,0,0,0,0,0,0,0,0,0,0,0,0,0,0,0,0,305,0,0,0,0,215,0,0,0,0,0,0,1342,0,0,12758,0,0,0,0,0,0,0,0,0,0,18,14638,10752,0,0,0,1362728,623616,0
FgNfZ29dIxl83YzRJ1ae,2,362,20,1,0,17,1,15,18,44,1,18,204,1,16,2,241,20,15,0,0,16,340,354,2,11,14,0,4,18,349,226,125,18,29,128,6,225,194,58,136,0,1627,0,22,0,50,2,0,6,1,3,58,0,1,25,13,0,0,0,0,10,307,4,110,55,1932,171,208541,12340,0,0,0,0,0,0,0,0,0,0,0,0,0,0,0,0,0,0,0,0,0,0,0,0,0,0,0,0,0,4357,0,0,0,0,512,0,0,0,0,0,0,7149,0,0,6290,0,0,0,0,103640,0,0,0,0,0,0,121948,111616,0,0,0,12737848,6473728,0
BvU3AbFVu1awtI9QGzhR,8,74,2,0,1,14,1,0,3,62,0,3,34,1,16,1,54,17,1,2,4,8,17,410,1,0,5,1,0,0,390,132,4,9,3,10,0,57,18,70,71,1,2322,0,6,1,1,4,6,0,1,3,3,2,1,10,2,1,1,1,0,1,176,3,9,23,1846,174,34211,8564,0,0,0,0,0,0,0,0,0,0,0,0,0,0,0,0,0,0,0,0,0,0,0,0,0,0,0,0,0,6325,0,0,0,0,245,0,0,0,0,0,0,0,0,3,10207,0,0,0,0,0,0,0,0,0,0,18,16890,7936,0,0,92,1099354,460288,0
bhwUq2yFXYSRvVH9JEW6,2,145,20,1,0,0,1,0,19,37,1,22,104,1,8,2,214,16,14,0,0,16,97,146,0,4,14,0,0,0,66,76,0,0,53,57,0,42,112,58,51,0,689,0,5,0,26,7,0,0,0,1,13,0,1,25,37,0,0,0,0,1,153,21,46,46,1124,96,155192,7624,0,0,0,0,0,0,0,0,0,0,0,0,0,0,0,0,0,0,0,0,0,0,0,0,0,0,0,0,0,24890,0,0,0,0,674,0,0,0,0,0,0,24537,0,0,83904,0,0,0,0,0,0,0,0,0,0,0,134005,107776,0,0,0,12751752,6251008,0
JS8ZjyGstceXaxVgH5bE,3,16,0,1,0,2,0,0,0,9,0,0,192,1,0,0,14,0,3,0,0,1,28,234,0,0,0,0,0,0,98,154,6,1,0,1,0,46,35,1,17,0,163,0,2,0,1,0,0,0,0,0,6,0,0,0,0,0,0,0,0,3,377,0,2,0,213,6,168186,1494172,0,0,0,0,0,0,0,0,0,0,0,0,0,0,0,0,0,0,0,0,0,0,0,0,0,0,0,0,0,1022,0,0,0,0,140,0,0,0,0,0,0,221,0,3,2094,0,0,0,0,0,0,0,0,0,0,17,3497,146688,0,0,0,183587,8507904,0
7cnyTvamsXhUi5IdSlZ4,4,15,4,0,5,3,1,4,3,2,2,6,45,1,0,0,55,2,12,0,9,2,17,53,2,0,0,1,4,0,46,35,12,9,6,23,0,13,5,5,4,2,68,2,7,0,6,2,2,0,6,0,10,0,1,8,0,0,0,0,0,7,128,3,20,3,156,15,48222,347348,0,0,0,0,0,0,0,0,0,0,0,0,0,0,0,0,0,0,0,0,0,0,0,0,0,0,0,2104,0,264208,0,0,0,0,130,0,0,0,0,0,0,380,0,3,371,0,0,0,0,0,0,0,0,0,0,17,267213,40192,0,0,0,11748543,2331136,0
h8N2BCGYqs1mRnuEgTZi,3,16,0,1,0,0,0,0,0,2,0,0,137,1,0,0,23,0,20,0,0,0,9,136,0,0,0,0,0,0,97,137,4,0,0,1,0,46,32,2,1,0,154,0,5,0,1,0,0,0,1,1,6,0,0,0,0,0,0,0,0,3,272,0,2,0,196,9,168245,1491612,0,0,0,0,0,0,0,0,0,0,0,0,0,0,0,0,0,0,0,0,0,0,0,0,0,0,0,0,0,1064,0,0,0,0,129,0,0,0,0,0,0,211,0,3,1688,0,0,0,0,0,0,0,0,0,0,17,3112,146432,0,0,0,164980,8493056,0
E7MyKF6Tbj2L98GASrYW,7,10,0,0,0,6,0,0,12,1,0,0,25,0,0,0,71,0,3,0,4,0,0,14,0,0,0,0,0,0,4,12,0,2,0,1,0,5,4,2,31,0,30,0,0,0,2,2,0,0,0,0,0,0,0,0,1,0,0,0,0,0,37,0,0,1,452,4,260766,613664,0,0,0,0,0,0,0,0,0,0,0,0,0,0,0,0,0,0,0,0,0,0,0,0,0,0,0,0,0,21009,0,0,0,0,420,0,0,0,0,0,0,0,0,3,27883,0,0,0,0,0,0,0,0,0,0,17,49332,79360,0,0,0,4513340,4602880,0
JY1d3lDuBMqznVF0NISt,2,69,0,1,0,4,9,0,17,28,9,36,187,1,22,2,147,1,10,0,0,0,88,326,8,2,0,0,0,0,208,186,0,0,74,8,0,115,141,45,43,0,1639,0,3,0,47,7,0,0,10,11,110,0,5,1,9,0,0,0,0,21,239,6,12,14,1461,172,190507,9468,0,0,0,0,0,0,0,0,0,0,0,0,0,0,0,0,0,0,0,0,0,0,0,0,0,0,0,0,0,2037236,0,0,0,0,558,0,0,0,0,0,0,26189,0,0,6002,0,0,0,0,0,0,0,0,0,0,0,2069985,132864,0,0,0,88943260,7706112,0
ADE86eHzi79B5JTdmV1g,6,120,9,15,10,14,11,8,1,10,13,26,229,14,7,15,177,16,16,5,4,7,153,206,22,2,6,12,16,11,175,52,85,137,38,147,16,782,74,9,98,6,638,3,109,8,13,2,4,16,13,5,4,12,9,5,11,19,17,16,1,0,373,22,119,16,894,141,51604,15248,0,0,0,0,0,0,0,0,0,0,0,0,0,0,0,0,0,0,0,0,0,0,0,0,0,0,0,0,0,0,0,0,0,0,253,0,0,0,0,0,0,0,3,3,0,0,0,0,0,0,17,78255,1553,0,0,17,80101,35840,0,0,0,5402219,2078720,0
IftFXWmh7B5Alnxy4DbJ,3,15,0,1,0,0,0,0,0,6,0,0,170,1,0,0,17,0,3,0,0,0,10,126,0,1,0,0,0,0,190,171,2,1,0,0,0,46,30,1,0,0,159,0,4,0,1,3,0,0,0,1,1,0,0,0,0,0,0,0,0,1,369,0,2,0,191,3,167951,1490076,0,0,0,0,0,0,0,0,0,0,0,0,0,0,0,0,0,0,0,0,0,0,0,0,0,0,0,0,0,1041,0,0,0,0,145,0,0,0,0,0,0,219,0,3,1952,0,0,0,0,0,0,0,0,0,0,17,3377,146432,0,0,0,179531,8493056,0
2efsFypAKd1kBN9q8V6t,3,28,0,0,0,0,0,0,0,9,0,0,162,1,0,0,12,0,7,0,0,0,17,157,0,0,0,0,0,0,118,168,7,1,0,1,0,55,50,1,0,0,186,0,1,0,1,0,0,0,0,1,3,0,0,0,0,0,0,0,0,2,355,0,2,0,160,6,216374,2320028,0,0,0,0,0,0,0,0,0,0,0,0,0,0,0,0,0,0,0,0,0,0,0,0,0,0,0,0,0,1049,0,0,0,0,0,0,0,0,0,0,0,1500,0,3,2164,0,0,0,0,0,0,0,0,0,0,19,4735,195328,0,0,0,226919,11329024,0
jOZMUJF5waGhqLQbWsYz,4,47,0,0,0,8,5,0,2,33,1,24,137,1,14,0,77,2,19,8,38,8,70,97,1,0,1,15,2,0,105,73,57,60,24,38,14,58,63,22,204,14,225,16,50,0,8,26,1,14,35,9,2,7,14,2,24,0,8,14,26,1,359,16,49,13,480,58,7607,15928,0,0,0,0,0,0,0,0,0,0,0,0,0,0,0,0,0,0,0,0,0,0,0,0,0,0,0,0,0,25842,0,3,0,0,3,0,0,0,0,0,0,16913,0,3,3560,0,0,0,0,0,0,0,0,0,0,17,46341,4608,0,0,0,2038839,267264,0
fJurCwMAdLt9iZhsEFgK,2,165,20,1,0,8,1,0,13,53,1,52,229,1,24,2,139,19,13,0,0,16,127,408,0,18,14,0,0,0,198,256,0,0,68,65,0,105,259,70,90,0,1761,0,14,0,46,2,0,0,2,5,86,0,1,25,23,0,0,0,0,18,313,8,42,51,1494,201,174856,9648,0,0,0,0,0,0,0,0,0,0,0,0,0,0,0,0,0,0,0,0,0,0,0,0,0,0,0,0,0,1620668,0,0,0,0,439,0,0,0,0,0,0,7115,0,0,7294,0,0,0,0,0,0,0,0,0,0,0,1635516,106240,0,0,0,70228364,6161920,0
8ZfvaVLYRC31oPwKBzcE,3,23,0,1,0,0,0,0,0,6,0,0,170,1,0,0,23,0,6,0,0,0,12,161,0,0,0,0,0,0,119,168,8,0,0,1,0,56,39,4,1,0,195,0,4,0,1,0,0,0,0,1,6,0,0,0,0,0,0,0,0,4,347,0,1,0,144,11,223243,1517724,0,0,0,0,0,0,0,0,0,0,0,0,0,0,0,0,0,0,0,0,0,0,0,0,0,0,0,0,0,1052,0,0,0,0,0,0,0,0,0,0,0,1496,0,3,2173,0,0,0,0,0,0,0,0,0,0,19,4743,195328,0,0,0,226703,11329024,0
hqw8ogsWNJYEvS7c0BOk,6,128,5,12,4,12,15,8,3,8,13,24,180,10,3,12,147,10,16,6,5,10,128,187,12,6,7,10,14,5,157,51,84,125,29,117,15,734,63,2,83,6,554,3,82,4,15,7,3,15,14,8,10,15,14,10,13,20,17,19,6,7,378,28,117,15,803,159,42905,15248,0,0,0,0,0,0,0,0,0,0,0,0,0,0,0,0,0,0,0,0,0,0,0,0,0,0,0,0,0,0,0,0,0,0,253,0,0,0,0,0,0,0,3,3,0,0,0,0,0,0,17,74341,1553,0,0,17,76187,33792,0,0,0,5152733,1959936,0
10oTLIHtSwzCN45DysmQ,2,269,22,1,0,2,765,1,40,230,764,29041,1551,1,24,0,576,27,23,0,1,59,27869,553,0,5,46,2,0,0,397,666,2,5348,64194,296,0,124,546,231,208,2,42800,1,4,3,33,9,47,0,61120,20,55,0,4,121,113,1,0,0,0,11,1889,9,114,110,29967,492,52134,16872,0,0,0,0,0,0,0,0,0,0,0,0,0,0,0,0,0,0,0,0,0,0,0,0,0,0,0,0,0,6399,0,0,0,0,510,0,0,0,0,0,0,21260,0,0,214851,0,0,0,0,0,0,0,0,0,0,0,243020,29952,0,0,0,11149833,1737216,0
hait9S86Wk4PR7eBmXOF,1,539,58,2,12,124,7,0,125,1640,10,560,2671,3,23,0,1707,1027,7,0,7,376,1303,2007,0,41,275,98,1,6,2091,662,0,1,740,1241,2,1288,1487,1049,1121,16,27668,6,15,0,9,133,363,2,14,14,87,0,1,799,373,1,2,11,0,48,3027,155,652,89,20508,2033,41622,173892,0,0,0,0,0,0,0,0,0,0,0,0,0,0,0,0,0,0,0,0,0,0,0,0,0,0,0,0,0,8877,0,0,0,0,360,0,0,0,0,0,0,0,3,3,104517,0,0,0,0,0,0,0,0,0,0,19,113779,37120,0,0,0,7623255,2152960,0
HaxgVnrql4bk7FEot9Sm,7,4923,35,0,5,1117,2,3,69,5025,3,407,11408,0,885,0,3353,451,117,0,25,317,7208,28588,1,286,182,78,0,0,9934,21982,481,54,1333,1647,1,6563,17323,7674,8915,3,81834,8,248,2,94,59,173,1,42,448,2237,5,50,408,620,1,0,4,2,814,30201,184,688,494,53970,10621,347284,29500,0,0,0,0,0,0,0,0,0,0,0,0,0,0,0,0,0,0,0,0,0,0,0,0,0,0,0,0,0,17501,0,0,0,0,846,0,0,0,0,0,0,138645,3,3,382667,529,0,0,0,0,0,0,0,0,0,19,540213,78848,0,0,0,28469127,4573184,0
7ViTtBsPRgZQx1mqfHYO,3,11,0,1,0,3,0,0,0,4,0,0,90,1,0,0,24,0,3,0,0,1,43,74,0,0,0,0,0,0,65,121,1,1,0,0,0,16,14,1,1,0,63,0,2,0,1,3,0,0,0,0,1,0,0,0,0,0,0,0,0,0,122,0,2,0,154,1,167514,1498268,0,0,0,0,0,0,0,0,0,0,0,0,0,0,0,0,0,0,0,0,0,0,0,0,0,0,0,0,0,1012,0,0,0,0,188,0,0,0,0,0,0,219,0,3,994,0,0,0,0,0,0,0,0,0,0,17,2433,146688,0,0,0,127589,8507904,0
Bp7tlyMD5zQI2U0gN49E,3,36,0,0,0,0,0,0,0,8,0,0,179,1,0,0,8,0,10,0,0,0,10,161,0,0,0,0,0,0,121,166,10,0,0,0,0,55,57,1,1,0,190,0,12,0,1,0,0,0,0,1,3,0,0,0,0,0,0,0,0,2,364,0,2,0,150,5,216255,2320028,0,0,0,0,0,0,0,0,0,0,0,0,0,0,0,0,0,0,0,0,0,0,0,0,0,0,0,0,0,1064,0,0,0,0,0,0,0,0,0,0,0,1500,0,3,2224,0,0,0,0,0,0,0,0,0,0,17,4808,195328,0,0,0,230704,11329024,0
6VNXsCD0lueo1nw3KO5M,4,54,0,0,3,15,4,0,3,46,3,27,182,2,20,0,99,8,34,9,47,9,79,99,1,0,0,20,0,0,136,93,62,74,28,56,20,90,80,29,367,17,292,17,64,2,13,32,0,20,48,14,5,13,19,2,33,1,14,20,32,2,450,20,68,14,719,72,46676,338488,0,0,0,0,0,0,0,0,0,0,0,0,0,0,0,0,0,0,0,0,0,0,0,0,0,0,0,0,0,28617,0,3,0,0,3,0,0,0,0,0,0,262672,0,3,3723,0,0,0,0,0,0,0,0,0,0,17,295038,40192,0,0,0,11646361,2331136,0
GlO8VUEpCsqcwXioP7zu,3,10,0,1,0,0,0,0,0,3,0,0,166,1,0,0,15,0,3,0,0,0,7,124,0,1,0,0,0,0,189,171,5,1,0,0,0,46,35,5,1,0,163,0,6,0,1,3,0,0,0,1,2,0,0,0,0,0,0,0,0,2,366,0,2,0,195,7,168200,1490076,0,0,0,0,0,0,0,0,0,0,0,0,0,0,0,0,0,0,0,0,0,0,0,0,0,0,0,0,0,1041,0,0,0,0,143,0,0,0,0,0,0,219,0,3,1978,0,0,0,0,0,0,0,0,0,0,17,3401,146432,0,0,0,180472,8493056,0
CLpFEnA496yoGwrdmz78,6,59,14,1,11,0,0,0,0,12,0,5,89,1,6,1,42,0,1,10,3,10,97,148,3,0,10,1,0,0,151,60,4,8,5,28,2,79,60,18,49,11,375,14,2,10,5,0,12,2,0,9,18,1,2,18,1,1,1,1,0,7,255,3,10,3,699,79,51661,23816,0,0,0,0,0,0,0,0,0,0,0,0,0,0,0,0,0,0,0,0,0,0,0,0,0,0,0,0,0,0,0,0,0,0,176,0,0,0,0,0,0,23,3,3,0,19,0,0,0,0,17,13912,1553,0,0,17,15723,12288,0,0,0,1347268,712704,0
iowRTFnvHWejpr4aU3b5,8,82,0,0,0,1,0,0,4,51,0,4,196,0,8,0,70,1,5,0,0,0,86,183,0,2,0,0,0,0,117,230,3,0,4,41,0,150,96,141,48,0,1180,0,5,0,2,0,1,0,26,3,12,0,0,41,1,0,0,0,0,9,546,0,19,8,867,144,57604,229572,0,0,0,0,0,0,0,0,0,0,0,0,0,0,0,0,0,0,0,0,0,0,0,0,0,0,0,0,0,16452,0,0,0,0,133,0,0,0,0,0,0,2841,3,3,6628,0,0,0,0,0,0,0,0,0,0,20,26080,19712,0,0,0,1277310,1143296,0
5102w8Hp4TRkWbIUXSgZ,8,1304,5,10,2,1,0,2,37,2179,0,207,2689,18,88,4,946,28,19,0,2,77,1765,4905,10,59,31,16,1,0,2840,3964,33,5,210,797,3,762,1812,2675,1167,2,13191,6,48,3,57,40,65,3,74,105,695,2,1,96,176,0,0,4,0,327,13904,39,268,251,16970,4096,163603,456,0,0,0,0,0,0,0,0,0,0,0,0,0,0,0,0,0,0,0,0,0,0,0,0,0,0,0,0,0,113834,0,0,0,0,436,0,0,0,0,0,0,68428,3,3,96130,0,0,0,0,0,0,0,0,0,0,18,278852,37120,0,0,0,12906605,2152960,0
Dm2UHLlhcoiM0xGYwVSN,4,18,0,2,1,0,0,0,5,6,0,3,32,1,0,0,9,1,2,1,2,0,22,27,0,0,0,0,0,0,28,3,1,12,3,3,1,23,8,1,128,0,55,0,8,0,1,0,0,1,0,0,0,0,1,0,8,0,0,1,0,0,30,0,16,2,231,7,45935,424572,0,0,0,0,0,0,0,0,0,0,0,0,0,0,0,0,0,0,0,0,0,0,0,0,0,0,0,0,0,266,0,0,0,0,87,0,0,0,0,0,0,100881,0,0,8287,0,0,0,0,0,0,0,0,0,0,17,109538,41728,0,0,0,4908970,2420224,0
0A32eTdBKayjCWhZqDOQ,2,264,40,0,0,17,0,3,28,318,0,10,471,0,41,0,300,32,12,0,1,44,410,483,0,12,28,0,0,0,197,330,0,0,18,155,0,321,397,411,360,0,2244,0,9,0,35,8,9,0,1,10,90,0,1,60,42,1,0,0,0,15,886,6,88,85,2382,488,149376,11516,0,0,0,0,0,0,0,0,0,0,0,0,0,0,0,0,0,0,0,0,0,0,0,0,0,0,0,0,0,842632,0,0,0,0,455,0,0,0,0,0,0,39622,0,0,13801,0,0,0,0,0,0,0,0,0,0,0,896510,75105,0,0,0,38495501,4356052,0
9vig36BctVFzU7bJmQ21,9,151,0,0,0,2,1,1,2,30,0,0,134,0,0,0,37,0,2,0,0,0,45,140,0,0,0,0,0,1,255,70,155,2,0,4,1,68,178,45,12,0,113,0,106,0,1,8,4,1,1,27,30,0,0,52,0,0,1,0,0,0,300,2,3,0,692,83,179188,404,0,0,0,0,0,0,0,0,0,0,0,0,0,0,0,0,0,0,0,0,0,0,0,0,0,0,0,0,0,486,0,0,0,0,263,0,0,0,0,0,0,1270,0,0,68622,0,0,0,0,0,0,0,0,0,0,18,70659,82944,0,0,0,8835285,4810752,0
FrRtsd6n5a4eHZlOTUxJ,2,458,22,1,0,1,786,1,41,215,786,7891,1579,1,29,0,585,73,23,0,1,85,282,569,5502,9,66,2,0,0,439,786,3,0,14188,277,0,154,512,224,389,1,30306,1,8,3,33,16,33,0,0,18,53,0,11794,93,90,1,0,0,0,17,1980,9,101,115,2973,589,38712,16888,0,0,0,0,0,0,0,0,0,0,0,0,0,0,0,0,0,0,0,0,0,0,0,0,0,0,0,0,0,6550,0,0,0,0,524,0,0,0,0,0,0,21288,0,0,77034,0,0,0,0,0,0,0,0,0,0,0,105396,15872,0,0,0,5004017,920576,0
Fc7z9kKf5ZUwpyqC8L21,9,19,0,0,0,0,0,0,5,20,1,2,91,0,3,0,32,5,2,0,2,3,18,255,3,1,2,0,2,1,170,301,8,1,3,10,0,102,126,43,11,0,833,0,2,0,2,5,1,0,0,2,4,0,1,1,3,2,3,1,0,2,684,2,7,5,467,61,29942,19696,0,0,0,0,0,0,0,0,0,0,0,0,0,0,0,0,0,0,0,0,0,0,0,0,0,0,17,0,0,50188,0,0,0,0,383,0,0,0,0,0,55722,0,0,0,4569,0,0,0,0,0,0,0,0,0,0,18,110897,9472,0,0,0,4864383,549376,0
2gwSoct3BzRUvajVeCLu,7,6,0,0,0,0,0,0,0,5,0,0,83,0,0,0,22,0,0,0,0,0,1,70,0,0,0,0,0,0,3,119,0,0,0,0,0,40,7,2,31,0,70,0,0,0,1,1,0,0,0,0,0,0,0,0,0,0,0,1,0,0,208,0,0,0,28,1,98844,1377460,0,0,0,0,0,0,0,0,0,0,0,0,0,0,0,0,0,0,33,0,0,0,0,0,0,0,0,0,0,1039,0,0,0,0,0,0,0,0,0,0,0,1457,0,3,1127,0,0,0,0,0,0,0,0,0,0,17,3676,86784,0,0,0,171681,5033472,0
dzV4q1iWUT3eIODcFJSx,6,10,0,0,0,1,0,0,5,2,0,1,21,0,0,0,61,0,3,0,1,0,3,96,0,0,0,0,0,0,62,50,0,3,1,5,0,48,6,1,1,0,264,0,0,0,2,3,0,0,0,0,1,0,0,1,0,0,0,0,0,1,1595,1,3,0,270,4,38874,330736,0,0,0,0,0,0,0,0,0,0,0,0,0,0,0,0,0,0,0,0,0,0,0,0,0,0,426,0,0,0,0,0,0,0,550,0,0,0,0,0,0,4112,0,3,8502,0,0,0,0,0,0,0,0,0,0,17,13610,29696,0,0,0,1160738,1722368,0
4vxohlcEjbqS8ramJMO7,8,87,2,0,0,3,1,0,5,66,1,0,33,0,18,1,24,19,2,1,2,10,10,450,1,1,6,0,1,0,416,204,5,6,0,4,0,34,17,78,73,0,2562,0,3,1,1,3,5,0,1,2,4,0,0,9,2,0,1,1,0,1,127,3,3,31,1936,183,28276,9008,0,0,0,0,0,0,0,0,0,0,0,0,0,0,0,0,0,0,0,0,0,0,0,0,0,0,92,0,0,4595,0,0,0,0,206,0,0,0,0,0,0,0,0,3,9196,0,0,0,0,0,0,0,0,0,0,18,14110,7936,0,0,0,995351,460288,0
23L6M58iTRC4rNHlIFDy,1,3222,38,0,9,3016,0,0,1284,4892,0,60,11976,2,132,5,9350,93,338,0,120,574,4843,11150,0,440,379,46,0,25,3411,14339,28,4,74,1878,0,8296,12535,8457,6939,3,58588,23,300,5,75,1806,428,0,52,171,513,7,3,1105,155,1,0,9,0,270,26634,72,816,337,53435,8666,183188,3404,0,0,0,0,0,0,0,0,0,0,0,0,0,0,0,0,0,0,0,0,0,0,0,0,0,0,0,0,0,21992,0,0,0,0,3307,0,0,0,0,0,0,0,3,3,440923,0,0,0,0,0,0,0,0,0,0,19,466247,72448,0,0,0,30316456,4201984,0
3ajDbkt0X6TLUuHKYZhs,1,198,5,0,0,0,0,1,7,371,0,15,1072,1,54,4,315,30,18,0,1,64,350,906,4,23,33,17,0,0,841,793,0,2,32,202,0,521,408,468,170,0,3446,1,18,0,24,28,38,0,2,32,82,0,5,97,66,2,0,3,1,21,1332,36,85,39,2774,621,48247,8556,0,0,0,0,0,0,0,0,0,0,0,0,0,0,0,0,0,0,0,0,0,0,0,0,0,0,0,0,0,13673,0,0,0,0,342,0,0,0,0,0,0,1838,3,3,19642,0,0,0,0,0,0,0,0,0,0,17,35518,11008,0,0,0,1815491,638464,0
dbpHcR9jZeurykDsAnMT,3,13,0,1,0,0,0,0,0,7,0,0,180,1,0,0,18,0,3,0,0,0,13,116,0,0,0,0,0,0,193,171,1,1,0,1,0,46,47,2,1,0,128,0,1,0,1,4,0,0,0,1,3,0,0,1,0,0,0,0,0,2,367,0,1,0,190,5,168136,1490588,0,0,0,0,0,0,0,0,0,0,0,0,0,0,0,0,0,0,0,0,0,0,0,0,0,0,0,0,0,1030,0,0,0,0,139,0,0,0,0,0,0,219,0,3,1986,0,0,0,0,0,0,0,0,0,0,19,3396,146432,0,0,0,179618,8493056,0
2iKeU7DIk9Rdyf4hc8vr,1,1503,32,0,0,93,2,3,129,2207,4,108,4023,1,76,2,1926,110,172,0,13,328,1913,9940,2,318,247,5,0,5,1772,9834,13,0,164,856,0,2435,6054,2971,3255,16,24860,115,304,1,19,116,373,0,0,89,329,1,0,1633,67,0,0,2,0,181,11933,37,382,60,22468,4069,166416,14696,0,0,0,0,0,0,0,0,0,0,0,0,0,0,0,0,0,0,0,0,0,0,0,0,0,0,0,0,0,9801,0,0,0,0,1823,0,0,0,0,0,0,0,3,3,162498,0,0,0,0,0,0,0,0,0,0,19,174147,44288,0,0,0,10033843,2568704,0
3elSqr7UTEtFm04ZybvI,3,12,0,1,0,2,0,0,0,6,0,0,188,1,0,0,14,0,3,0,0,1,25,233,0,0,0,0,0,0,94,154,4,0,0,1,0,46,39,3,18,0,151,0,8,0,1,0,0,0,0,0,7,0,0,0,0,0,0,0,0,2,383,0,2,0,218,9,168025,1494172,0,0,0,0,0,0,0,0,0,0,0,0,0,0,0,0,0,0,0,0,0,0,0,0,0,0,0,0,0,1043,0,0,0,0,142,0,0,0,0,0,0,221,0,3,2074,0,0,0,0,0,0,0,0,0,0,17,3500,146688,0,0,0,183654,8507904,0
369xrHyDKegPqFMYWQJu,2,259,40,0,0,17,0,3,28,318,0,11,473,0,41,0,303,32,19,0,1,44,407,479,0,12,28,0,0,0,199,337,0,0,17,155,0,324,398,408,376,0,2255,0,9,0,35,8,9,0,1,10,91,0,1,60,38,1,0,0,0,15,899,3,92,85,2402,490,144503,11140,0,0,0,0,0,0,0,0,0,0,0,0,0,0,0,0,0,0,0,0,0,0,0,0,0,0,0,0,0,838505,0,0,0,0,494,0,0,0,0,0,0,39609,0,0,13915,0,0,0,0,0,0,0,0,0,0,0,892523,75370,0,0,0,38206856,4371422,0
6u25JYNBy8wzSHUjqxvh,4,9,2,0,2,2,0,3,5,0,2,2,20,0,0,0,50,3,8,0,8,0,8,20,2,0,0,0,3,0,16,15,7,5,2,21,1,5,5,4,0,1,31,1,5,0,5,2,2,1,3,0,6,1,2,5,0,0,0,0,0,3,61,2,9,3,110,11,8261,18644,0,0,0,0,0,0,0,0,0,0,0,0,0,0,0,0,0,0,0,0,0,0,0,0,0,0,0,1552,0,15889,0,0,0,0,130,0,0,0,0,0,0,380,0,3,432,0,0,0,0,0,0,0,0,0,0,17,18403,4096,0,0,0,930361,237568,0
baFiIOemUNYgJAqsujL0,2,120,20,1,0,3,1,0,16,40,1,5,82,1,8,2,147,16,13,0,0,16,56,99,0,4,14,0,0,0,52,81,0,0,15,56,0,36,99,42,44,0,565,0,5,0,23,3,0,0,0,1,13,0,1,25,10,0,0,0,0,1,128,3,42,46,754,95,200471,8060,0,0,0,0,0,0,0,0,0,0,0,0,0,0,0,0,0,0,0,0,0,0,0,0,0,0,0,0,0,24988,0,0,0,0,380,0,0,0,0,0,0,2272409,0,0,3041,0,0,0,0,0,0,0,0,0,0,0,2300818,146944,0,0,0,86197666,8522752,0
Ine2sQjBCd4oqpcbSixO,6,100,2,0,0,0,0,0,5,376,0,8,804,0,13,0,98,4,0,0,2,33,297,1326,0,15,6,0,0,0,575,1119,2,7,8,71,0,363,650,433,235,0,2406,0,16,0,3,2,25,0,0,22,16,0,0,50,53,0,0,0,0,13,2945,2,62,23,2521,515,111025,22164,0,0,0,0,0,0,0,0,0,0,0,0,0,0,0,0,0,0,0,0,0,0,0,0,0,0,17,0,0,317966,0,0,0,0,157,0,0,0,0,0,191414,0,0,3,18883,0,0,0,0,0,0,0,0,0,0,17,528457,36608,0,0,0,23013832,2123264,0
ERUu09IMtDwszYTj6ckm,8,88,1,1,0,3,1,1,4,66,1,3,37,0,15,0,36,20,2,2,6,8,13,449,1,0,4,0,2,0,420,127,6,15,3,8,0,32,19,78,69,0,2572,0,8,3,1,5,5,0,3,0,4,0,1,10,0,0,1,3,2,2,141,2,9,30,1942,181,28124,9008,0,0,0,0,0,0,0,0,0,0,0,0,0,0,0,0,0,0,0,0,0,0,0,0,0,0,92,0,0,4595,0,0,0,0,206,0,0,0,0,0,0,0,0,3,8749,0,0,0,0,0,0,0,0,0,0,18,13663,7936,0,0,0,964468,460288,0
0JAzwGUKORhFQWr3o1dN,3,10,0,1,0,0,0,0,2,7,0,0,171,1,0,0,16,0,6,0,0,0,9,160,0,0,0,0,0,0,211,175,17,1,0,2,0,47,39,5,1,0,115,2,7,0,1,0,0,0,24,2,3,0,0,0,0,0,0,0,0,1,338,0,1,0,186,8,167858,1490076,0,0,0,0,0,0,0,0,0,0,0,0,0,0,0,0,0,0,0,0,0,0,0,0,0,0,0,0,0,981,0,0,0,0,158,0,0,0,0,0,0,212,0,3,1919,0,0,0,0,0,0,0,0,0,0,19,3292,146432,0,0,0,175541,8493056,0
Auv3RhZlU6tXcdDQjg2i,1,130,11,0,0,3,0,0,14,212,1,7,303,1,9,0,76,20,5,0,0,51,152,347,0,13,36,2,0,0,362,398,0,0,8,24,0,144,261,206,151,0,1978,1,13,0,26,8,35,0,0,4,33,0,0,85,26,0,0,2,0,19,925,6,12,82,1330,407,23283,10532,0,0,0,0,0,0,0,0,0,0,0,0,0,0,0,0,0,0,0,0,0,0,0,0,0,0,0,0,0,382,0,0,0,0,249,0,0,0,0,0,0,591,3,3,9435,0,0,0,0,0,0,0,0,0,0,19,10682,8704,0,0,0,616996,504832,0
5VcsRv2Sfz9yJApielx4,1,142,1,0,0,18,0,0,6,294,0,6,405,1,24,2,192,15,16,0,0,19,188,542,9,16,14,0,0,2,214,472,1,2,15,128,0,203,245,367,208,0,1565,1,15,0,24,6,13,0,0,17,80,0,9,31,60,0,0,0,1,20,571,3,57,17,1912,523,43851,4328,0,0,0,0,0,0,0,0,0,0,0,0,0,0,0,0,0,0,0,0,0,0,0,0,0,0,0,0,0,3412,0,0,0,0,236,0,0,0,0,0,0,2233,3,3,10583,0,0,0,0,0,0,0,0,0,0,19,16489,9728,0,0,0,875024,564224,0
aKDbZWFzy9XfPO051nls,6,25,0,0,0,0,0,0,2,62,0,0,57,0,1,0,23,0,4,0,0,3,34,62,0,0,1,0,0,0,77,99,0,0,0,0,0,19,99,37,10,0,343,0,0,0,1,1,5,0,0,2,12,0,0,19,0,0,0,0,0,9,300,0,0,0,374,101,27648,204,0,0,0,0,0,0,0,0,0,0,0,0,0,0,0,0,0,0,0,0,0,0,0,0,0,0,0,0,0,145645,0,0,0,0,171,0,0,0,0,0,0,380,0,3,1937,0,0,0,0,0,0,0,0,0,0,17,148153,11776,0,0,0,6490201,683008,0
bx75FsX2VcQ1CkznwIEM,3,14,0,1,0,2,0,0,0,1,0,0,91,1,0,0,14,0,3,0,0,1,20,80,0,0,0,0,0,0,37,62,1,1,0,1,0,16,13,1,16,0,48,0,0,0,1,0,0,0,0,0,3,0,0,0,0,0,0,0,0,1,146,0,2,0,153,3,168234,1497244,0,0,0,0,0,0,0,0,0,0,0,0,0,0,0,0,0,0,0,0,0,0,0,0,0,0,0,0,0,1027,0,0,0,0,139,0,0,0,0,0,0,220,0,3,1001,0,0,0,0,0,0,0,0,0,0,17,2407,146688,0,0,0,126507,8507904,0
1Z9IPyxXu7q8VlLTRHNG,9,271,2,2,0,0,0,0,10,300,0,3,495,2,14,0,304,12,9,0,0,72,273,665,0,4,56,0,0,0,287,480,0,0,4,247,0,242,469,327,329,0,3982,3,4,0,4,7,27,0,1,8,21,0,4,58,103,0,0,0,0,12,710,1,119,105,2062,504,30752,420,0,0,0,0,0,0,0,0,0,0,0,0,0,0,0,0,0,0,0,0,0,0,0,0,0,0,0,0,0,142463,0,0,0,0,381,0,0,0,0,0,0,1098,3,3,15564,0,0,0,0,0,0,0,0,0,0,18,159530,12032,0,0,0,7171201,697856,0
DZpbRaEg4YIA69j7Wmot,1,3686,29,2,12,429,0,0,694,6374,1,312,14621,1,203,4,9998,142,184,0,57,743,5879,3643,2,832,505,101,0,0,3157,6411,7,23,395,2541,3,6378,13761,13898,6265,3,68121,26,814,14,49,1080,480,3,3,260,797,25,5,2864,520,0,1,2,0,462,31622,183,1411,385,62879,13832,316918,19088,0,0,0,0,0,0,0,0,0,0,0,0,0,0,0,0,0,0,0,0,0,0,0,0,0,0,0,0,0,6003,0,0,0,0,2797,0,0,0,0,0,0,0,0,3,484627,0,0,0,0,0,0,0,0,0,0,19,493449,113664,0,0,0,32721096,6592512,0
da1g3kNFpCPXWMtDrnVb,1,544,2,0,0,140,2,0,72,958,3,13,2139,1,76,0,1661,62,42,0,13,142,1328,4552,0,52,102,9,0,0,1199,3953,6,0,33,374,6,1940,2384,1649,1610,0,12220,3,38,8,9,38,163,3,5,57,159,0,95,429,25,1,0,2,0,101,5680,21,85,24,9892,2001,45763,15084,0,0,0,0,0,0,0,0,0,0,0,0,0,0,0,0,0,0,0,0,0,0,0,0,0,0,0,0,0,1816,0,0,0,0,1212,0,0,0,0,0,0,27550,3,3,71761,0,0,0,0,0,0,0,0,20,0,19,102384,20736,0,0,0,5510765,1202688,0
gEvA2ctmNer17KZVUyYR,1,522,1,0,0,203,0,0,32,709,1,5,1427,1,65,0,1100,40,13,0,1,95,1210,5950,0,44,63,0,0,0,914,3814,3,0,12,211,2,1055,2440,1131,1477,0,9724,4,32,1,4,32,129,0,2,40,117,0,69,395,9,0,0,2,0,64,4121,6,56,34,9130,1500,60837,4740,0,0,0,0,0,0,0,0,0,0,0,0,0,0,0,0,0,0,0,0,0,0,0,0,0,0,0,0,0,4909,0,0,0,0,619,0,0,0,0,0,0,30181,3,3,62807,0,0,0,0,0,0,0,0,0,0,19,98541,20992,0,0,0,5112617,1217536,0
JMaEzg6s2P0n4wSIyulO,7,3,0,0,0,0,0,0,0,6,0,0,80,1,0,0,11,0,0,0,0,0,2,130,0,0,0,0,0,0,3,119,0,0,0,0,0,87,6,2,1,0,71,0,0,0,1,1,0,0,0,0,0,0,0,0,0,0,0,1,0,0,296,0,0,0,17,1,103432,1459380,0,0,0,0,0,0,0,0,0,0,0,0,0,0,0,0,0,0,0,0,0,0,0,0,0,0,0,0,0,1041,0,0,0,0,0,0,0,0,0,0,0,1458,0,3,1281,33,0,0,0,0,0,0,0,0,0,17,3833,91904,0,0,0,177603,5330432,0
cSMXzpQ2q4nCy5UfPBg9,1,505,4,0,0,3,0,2,9,1719,0,11,4102,1,13,4,783,3,3,0,1,318,1525,11065,0,180,212,7,0,1,733,8787,8,1,49,465,0,1702,9453,2760,1893,0,17572,6,180,1,12,7,247,0,0,14,49,0,0,435,6,0,0,1,0,20,10816,24,126,45,15931,2321,72501,4776,0,0,0,0,0,0,0,0,0,0,0,0,0,0,0,0,0,0,0,0,0,0,0,0,0,0,0,0,0,23175,0,0,0,0,689,0,0,0,0,0,0,5554,3,3,115653,0,0,0,0,0,0,0,0,0,0,19,145096,29440,0,0,0,8286920,1707520,0
dQ5kFDwP4ByqU3tnLTZf,8,2,0,1,0,1,0,0,0,11,0,0,4,1,4,0,10,0,0,0,0,0,2,14,0,0,0,0,0,0,18,6,12,2,0,8,0,2,7,4,5,0,32,0,0,0,2,1,0,0,0,2,3,0,0,0,1,0,0,0,0,1,18,0,2,1,38,5,23535,177708,0,0,0,0,0,0,0,0,0,0,0,0,0,0,0,0,0,0,0,0,0,0,0,0,0,0,0,0,0,0,0,0,0,0,3,0,0,0,0,0,0,0,0,6,0,0,0,0,0,0,0,0,0,0,0,18,6774,19456,21,6726,0,851882,1128448,0
8Z5zugCOx3cTB6ikpbSq,6,110,2,2,0,1,0,0,0,408,0,5,680,0,8,0,100,3,4,0,0,32,312,1254,0,19,7,0,0,1,565,1077,1,10,5,97,0,342,638,418,232,0,2350,0,20,0,3,0,18,0,0,23,21,0,0,49,57,0,0,0,0,14,2836,0,43,23,2491,530,112887,22652,0,0,0,0,0,0,0,0,0,0,0,0,0,0,0,0,0,0,0,0,0,0,0,0,0,0,17,0,0,322544,0,0,0,0,138,0,0,0,0,0,195398,0,0,3,18150,0,0,0,0,0,0,0,0,0,0,17,536267,37120,0,0,0,23334809,2152960,0
3RiBw0ntobeCh5VEQrY1,4,18,5,2,6,5,3,6,7,2,2,7,58,0,0,0,68,1,10,0,14,0,40,62,4,0,0,0,6,0,64,43,16,22,7,38,0,13,9,6,0,4,101,1,17,0,6,3,4,0,6,0,10,1,1,10,4,1,1,1,1,5,161,3,28,9,203,22,16297,68280,0,0,0,0,0,0,0,0,0,0,0,0,0,0,0,0,0,0,0,0,0,0,0,0,0,0,0,2378,0,76304,0,0,0,0,118,0,0,0,0,0,0,341,0,3,379,0,0,0,0,0,0,0,0,0,0,17,79540,11008,0,0,0,3589142,638464,0
93QCNLn5FD2pueg7GdXB,9,118,0,0,0,4,0,0,10,50,0,0,128,0,0,0,40,0,2,0,0,0,111,288,0,0,0,0,0,0,48,68,132,0,0,7,0,64,157,51,1,0,143,0,11,0,1,0,3,0,0,14,54,0,0,43,0,0,0,0,0,0,333,2,0,0,832,140,180933,340,0,0,0,0,0,0,0,0,0,0,0,0,0,0,0,0,0,0,0,0,0,0,0,0,0,0,0,0,0,1018,0,0,0,0,225,0,0,0,0,0,0,1211,0,0,68770,0,0,0,0,0,0,0,0,0,0,18,71242,82944,0,0,0,8917219,4810752,0
i7pqWygtZDQLmHX9h3lx,1,425,1,0,0,63,2,0,22,1002,5,81,1580,1,87,2,535,66,40,0,7,69,756,4436,11,30,30,22,0,0,1313,2881,2,1,97,296,0,896,1049,1320,973,0,9532,8,22,0,40,41,50,0,0,65,184,8,13,105,70,0,0,0,0,67,4978,37,146,69,7183,1615,171912,32572,0,0,0,0,0,0,0,0,0,0,0,0,0,0,0,0,0,0,0,0,0,0,0,0,0,0,0,0,0,11605,0,0,0,0,323,0,0,0,0,0,0,8919,3,3,50373,0,0,0,0,0,0,0,0,0,0,19,71245,24832,0,0,0,3901104,1440256,0
a84udcisW2mPRvrSFk0w,8,70,1,1,0,15,0,0,3,62,2,4,34,0,16,0,48,17,0,0,4,7,20,407,0,0,3,0,0,0,389,183,3,4,5,5,1,28,17,70,68,2,2316,0,8,1,1,5,6,1,0,0,2,3,0,10,1,0,1,1,1,1,170,2,4,24,1824,175,34215,8564,0,0,0,0,0,0,0,0,0,0,0,0,0,0,0,0,0,0,0,0,0,0,0,0,0,0,0,0,0,6325,0,0,0,0,245,0,0,0,0,0,0,0,0,3,8356,0,0,0,0,0,0,0,0,0,0,18,15039,7936,0,0,92,1022505,460288,0
0pqtVjvLk89PdYr5MwZO,9,183,0,0,0,4,0,2,107,100,0,149,601,0,0,0,256,16,8,0,14,252,297,1392,0,2,235,0,0,0,444,848,3,0,149,6,0,255,167,353,713,0,1960,0,2,0,2,29,232,0,0,0,0,2,8,247,2,0,0,4,0,0,2058,4,7,24,4657,800,104939,1856,0,0,0,0,0,0,0,0,0,0,0,0,0,0,0,0,0,0,0,0,0,0,0,0,0,0,0,0,0,152281,0,0,0,0,1211,0,0,0,0,0,0,1846,3,0,14604,0,0,0,0,0,0,0,0,0,0,18,169963,14080,0,0,0,7489435,816640,0
ga8SoXu32EKGZM7vNnAp,9,21,0,0,0,1,0,0,6,41,2,0,88,0,3,0,58,3,3,0,1,3,24,298,12,0,2,3,3,0,207,345,16,3,0,28,0,119,130,41,11,0,987,1,5,1,2,4,1,0,0,1,7,2,1,4,2,0,0,0,1,1,792,4,34,2,581,72,179565,16632,0,0,0,0,0,0,0,0,0,0,0,0,0,0,0,0,0,0,0,0,0,0,0,0,0,0,17,0,0,359428,0,0,0,0,388,0,0,0,0,0,444847,0,0,0,5407,0,0,0,0,0,0,0,0,0,0,18,810105,52992,0,0,0,34752159,3073536,0
cuCskOh9Hatq1zUp8PYX,1,503,18,0,0,15,0,0,31,1158,1,17,1227,1,80,0,976,26,7,0,0,247,487,682,0,17,176,8,0,1,831,882,1,1,17,517,0,455,2387,1598,806,0,10079,15,17,0,6,242,143,0,0,19,104,0,0,769,127,0,0,0,0,55,2781,14,304,121,8604,2723,46519,6240,0,0,0,0,0,0,0,0,0,0,0,0,0,0,0,0,0,0,0,0,0,0,0,0,0,0,0,0,0,3993,0,0,0,0,650,0,0,0,0,0,0,0,3,3,56785,0,0,0,0,0,0,0,0,0,0,19,61453,16128,0,0,0,4122755,935424,0
JlhVH357f6XkT2EsP4DO,9,204,0,0,0,4,0,0,6,42,0,0,407,0,0,0,35,0,2,0,0,0,293,295,0,0,0,0,0,0,112,153,30,0,0,0,2,45,497,40,1,0,161,0,360,0,1,6,4,0,0,215,31,0,0,58,0,0,0,0,0,0,737,2,0,0,1345,221,178278,432,0,0,0,0,0,0,0,0,0,0,0,0,0,0,0,0,0,0,0,0,0,0,0,0,0,0,0,0,0,211,0,0,0,0,280,0,0,0,0,0,0,1336,0,0,69653,0,0,0,0,0,0,0,0,0,0,18,71498,83200,0,0,0,8748132,4825600,0
EOWxcs1J2teX9bQfn7B4,8,582,0,0,0,1,0,0,0,13,0,0,30,0,524,0,8,0,537,0,0,25,4,34,0,6,25,1,0,0,5,718,0,0,2,0,0,27,144,24,629,0,2991,0,1,2,3,0,1,0,0,0,1,0,0,1,0,0,0,0,0,1,356,27,0,0,3790,569,51557,4340,0,0,0,0,0,0,0,0,0,0,0,0,0,0,0,0,0,0,0,0,0,0,0,0,0,0,0,0,0,3992,0,0,0,0,127,0,0,0,0,0,0,0,0,3,24812,0,0,0,0,0,0,0,0,0,0,20,28954,20992,0,0,0,2637325,1217536,0
iFCQuWqZXf75M1rwYJsT,6,25,0,0,0,0,0,0,2,62,0,0,57,0,1,0,23,0,4,0,0,3,34,61,0,0,1,0,0,0,77,99,0,0,0,0,0,19,99,37,10,0,343,0,0,0,1,2,5,0,0,2,12,0,0,19,0,0,0,0,0,9,300,0,0,0,327,101,33405,3276,0,0,0,0,0,0,0,0,0,0,0,0,0,0,0,0,0,0,0,0,0,0,0,0,0,0,0,0,0,145645,0,0,0,0,390,0,0,0,0,0,0,3673,0,3,1933,0,0,0,0,0,0,0,0,0,0,17,151661,12480,0,0,0,6611523,723840,0
7KqfVlEBOmr6tTQewNG8,7,7,0,0,0,0,0,0,0,7,0,0,82,0,0,0,25,0,0,0,0,0,3,76,0,0,0,0,0,0,3,119,0,0,0,0,0,41,5,1,31,0,72,0,0,0,1,0,0,0,0,0,0,0,0,0,0,0,0,1,0,0,203,0,0,0,21,1,89185,1246388,0,0,0,0,0,0,0,0,0,0,0,0,0,0,0,0,0,0,33,0,0,0,0,0,0,0,0,0,0,1039,0,0,0,0,0,0,0,0,0,0,0,1469,0,3,1141,0,0,0,0,0,0,0,0,0,0,17,3702,78592,0,0,0,172196,4558336,0
Evpm2HCFWB0buXNO3kQj,1,87,0,0,0,9,0,0,23,149,1,1,298,1,6,0,244,0,9,0,4,20,124,62,0,5,18,0,0,0,43,176,0,0,1,66,0,111,292,217,161,0,1551,0,5,0,3,0,6,0,0,7,37,0,0,133,5,0,0,1,0,25,688,4,26,11,1590,363,21214,9952,0,0,0,0,0,0,0,0,0,0,0,0,0,0,0,0,0,0,0,0,0,0,0,0,0,0,0,0,0,77,0,0,0,0,272,0,0,0,0,0,0,0,3,3,10172,0,0,0,0,0,0,0,0,0,0,19,10546,8448,0,0,0,706872,489984,0
jh371q0WXKwZP8gynubU,7,70,0,0,0,26,0,2,57,178,0,0,14,0,0,0,181,0,4,0,15,0,93,9,0,2,0,0,0,0,9,11,0,0,0,3,2,7,56,197,387,0,723,0,0,0,3,32,0,0,0,0,0,0,95,0,1,0,0,3,0,0,24,0,2,0,1107,245,234124,448856,0,0,0,0,0,0,0,0,0,0,0,0,0,0,0,0,0,0,0,0,0,0,0,0,0,0,0,0,0,21433,0,0,0,0,1189,0,0,0,0,0,0,303559,3,3,38754,0,0,0,0,0,0,0,0,0,0,17,364958,94208,0,0,0,17242017,5464064,0
gjStprIMlv3BwYG84Emu,1,174,3,0,0,1,0,0,8,331,0,8,732,2,32,0,196,13,6,0,1,59,236,822,7,16,23,4,0,0,573,609,3,7,26,146,0,337,173,476,452,0,2831,14,0,0,25,0,33,0,0,10,56,0,1,62,16,1,0,1,0,25,1326,14,98,7,2806,542,36551,25840,0,0,0,0,0,0,0,0,0,0,0,0,0,0,0,0,0,0,0,0,0,0,0,0,0,0,0,0,0,3843,0,3,0,0,207,0,0,0,0,0,0,23,3,3,16554,529,0,0,0,0,0,0,0,0,0,19,21184,10496,0,0,0,1146963,608768,0
kjQFMnf7vADCqtX4ai2u,6,100,3,0,0,0,0,0,0,380,0,7,677,0,12,0,90,12,0,0,9,30,278,1320,0,19,6,0,0,0,575,1098,6,8,7,87,0,333,674,450,226,0,2321,0,20,0,4,0,22,0,0,17,27,0,0,53,37,0,0,0,0,19,2919,2,53,36,2472,521,101439,27252,0,0,0,0,0,0,0,0,0,0,0,0,0,0,0,0,0,0,0,0,0,0,0,0,0,0,17,0,0,314894,0,0,0,0,124,0,0,0,0,0,189250,0,0,3,18553,0,0,0,0,0,0,0,0,0,0,17,522858,35584,0,0,0,22768594,2063872,0
ihT109rSABLfdRNxvMGW,4,51,1,5,2,9,6,6,2,19,2,11,497,5,5,8,136,4,17,3,0,8,98,36,185,21,7,2,13,14,64,33,16,96,12,131,5,57,58,14,992,1,384,8,21,0,31,1,0,5,32,2,8,8,10,1,9,14,10,1,1,4,605,10,85,17,1240,140,15116,89636,0,0,0,0,0,0,0,0,0,0,0,0,0,0,0,0,0,0,0,0,0,0,0,0,0,0,0,0,0,73744,0,0,0,0,38,0,0,0,0,0,0,1040,0,0,10223,0,0,0,0,0,0,0,0,0,0,17,85062,11776,0,0,0,3921698,683008,0
BvWnd3XlLYb1QGAyP6Zf,9,286,0,0,0,8,0,1,4,94,0,625,485,0,0,0,95,57,12,0,1,199,383,1198,0,5,196,0,0,0,549,515,0,0,626,4,0,209,225,282,401,0,2982,0,0,0,13,0,203,0,0,0,0,0,1,217,3,0,0,0,0,0,1924,1,6,77,4698,616,676803,388,0,0,0,0,0,0,0,0,0,0,0,0,0,0,0,0,0,0,0,0,0,0,0,0,0,0,0,0,0,1155648,0,0,0,0,392,0,0,0,0,0,0,499,0,0,15116,0,0,0,0,0,0,0,0,0,0,20,1171675,76288,0,0,0,49217543,4424704,0
FjSleW6GDVdh2KOxnz37,6,58,3,5,0,5,1,2,1,30,6,7,149,5,19,1,76,5,2,22,0,0,110,192,0,2,0,4,5,2,249,110,28,63,8,52,3,177,83,19,175,1,698,2,23,18,7,1,0,3,2,0,44,4,5,0,4,8,0,3,0,23,535,6,29,3,1013,116,233079,19884,0,0,0,0,0,0,0,0,0,0,0,0,0,0,0,0,0,0,0,0,0,0,0,0,0,0,0,0,0,0,0,0,0,0,264,0,0,0,0,0,0,513,3,598,0,19,0,0,0,0,17,47299,1553,0,0,19,50285,50944,0,0,0,5362735,2954752,0
frgtup5NAaT9qRVDj4hO,4,41,13,1,17,8,0,14,36,3,9,18,115,1,1,0,175,8,25,0,47,2,58,128,18,0,1,4,17,0,120,76,51,39,19,100,1,43,12,22,119,10,217,6,32,0,6,0,15,1,15,0,26,0,9,29,4,3,1,1,0,12,330,22,62,19,505,54,13825,53916,0,0,0,0,0,0,0,0,0,0,0,0,0,0,0,0,0,0,0,0,0,0,0,0,0,0,0,0,0,67088,0,0,0,0,103,0,0,0,0,0,0,24452,0,3,2647,0,0,0,0,0,0,0,0,0,0,17,94310,9728,0,0,0,4046209,564224,0
cYVKNj6JMAE9gaq0b81w,9,341,0,0,0,2,0,0,2,83,0,0,206,0,0,0,30,0,2,0,0,0,160,678,0,0,0,0,0,0,53,169,215,0,0,0,0,57,354,85,0,0,336,0,124,0,1,6,6,0,0,55,74,0,0,68,1,0,0,0,0,0,573,2,2,0,1354,220,328231,416,0,0,0,0,0,0,0,0,0,0,0,0,0,0,0,0,0,0,0,0,0,0,0,0,0,0,0,0,0,432,0,0,0,0,277,0,0,0,0,0,0,954,0,0,71313,0,0,0,0,0,0,0,0,0,0,18,72994,83456,0,0,0,9047785,4840448,0
BALQRhwGyW4kzdUqZ3Ir,9,169,0,1,0,2,0,0,2,73,0,1,5,1,0,0,53,0,2,0,0,0,311,273,0,0,0,0,0,0,169,125,96,0,1,10,0,60,226,39,7,0,243,0,261,0,1,3,2,0,0,40,37,0,0,59,0,0,2,0,0,0,302,2,2,0,1181,70,179707,412,0,0,0,0,0,0,0,0,0,0,0,0,0,0,0,0,0,0,0,0,0,0,0,0,0,0,0,0,0,668,0,0,0,0,265,0,0,0,0,0,0,576,0,0,69620,0,0,0,0,0,0,0,0,0,0,18,71147,83200,0,0,0,8847639,4825600,0
3rf7KJiPd8hIZ645wBVN,9,358,0,0,0,2,0,0,4,70,0,1,63,0,0,0,36,0,2,0,0,0,386,370,0,0,0,0,0,0,127,178,229,0,1,1,0,61,320,102,2,0,274,0,240,0,1,4,3,0,0,101,101,0,0,57,0,0,0,0,0,0,381,2,0,0,1671,168,326784,384,0,0,0,0,0,0,0,0,0,0,0,0,0,0,0,0,0,0,0,0,0,0,0,0,0,0,0,0,0,995,0,0,0,0,241,0,0,0,0,0,0,1307,0,0,64055,0,0,0,0,0,0,0,0,0,0,18,66616,83456,0,0,0,8067048,4840448,0
0eaNKwluUmkYdIvZ923c,1,1829,50,0,0,512,4,0,28,2323,6,46,4287,1,95,2,171,119,990,0,11,291,7632,7272,0,55,144,11,0,0,9312,3901,3082,1,1484,54,0,2362,2774,2501,927,0,34351,13,92,2,169,33,330,0,39,69,247,0,0,609,1762,0,0,4,0,92,10903,30,73,443,22151,2548,108622,4316,0,0,0,0,0,0,0,0,0,0,0,0,0,0,0,0,0,0,0,0,0,0,0,0,0,0,0,0,0,49356,54,0,0,0,208,0,0,0,0,0,0,38103,3,3,137290,0,0,0,0,0,0,0,0,0,0,19,225036,36864,0,0,0,11607104,2138112,0
JjyXPOBMQz6IZaNUCFYV,1,545,3,0,0,30,2,0,14,1564,5,79,2380,1,94,8,769,59,43,0,5,164,983,3985,10,89,108,0,0,2,1354,3109,191,4,101,529,0,1015,1509,1807,1338,0,9054,6,239,3,39,7,80,0,1,193,433,0,11,272,93,0,0,0,0,168,5148,25,209,81,10080,2605,51126,21616,0,0,0,0,0,0,0,0,0,0,0,0,0,0,0,0,0,0,0,0,0,0,0,0,0,0,0,0,0,4150,0,0,0,0,644,0,0,0,0,0,0,5686,3,3,61549,0,0,0,0,0,0,0,0,0,0,19,72054,17408,0,0,0,3971490,1009664,0
j3thgSImoFBZAPsrpaqT,4,0,0,0,0,0,0,0,0,0,0,0,0,0,0,0,1,0,0,0,0,0,0,0,0,0,0,0,0,0,0,0,0,0,0,0,0,0,0,0,0,0,0,0,0,0,1,0,0,0,0,0,0,0,0,0,0,0,0,0,0,0,0,0,0,0,0,0,11892,0,0,0,0,0,0,0,0,0,0,0,0,0,0,0,0,0,0,0,0,0,0,0,0,0,0,0,0,0,0,0,0,0,0,0,0,0,0,0,0,0,0,0,0,0,0,0,0,0,0,0,0,0,0,0,0,0,117840,7108,0,0,0,4519017,412229,117840
AGgJTSxpu6rR8mayOhDz,8,88,0,59,0,3,1,2,5,67,2,1,89,1,15,1,28,19,4,0,5,7,16,454,0,0,3,0,0,0,422,140,5,6,1,6,0,56,16,78,75,2,2574,1,5,1,3,2,6,0,0,0,62,0,0,13,0,1,0,1,0,61,134,3,7,32,2009,180,28216,9008,0,0,0,0,0,0,0,0,0,0,0,0,0,0,0,0,0,0,0,0,0,0,0,0,0,0,92,0,0,4595,0,0,0,0,206,0,0,0,0,0,0,0,0,3,11109,0,0,0,0,0,0,0,0,0,0,18,16023,7936,0,0,0,1075452,460288,0
e79Jn3ovuIV8FLKZsEG5,6,65,1,1,0,1,2,2,1,29,2,7,157,6,12,1,51,2,2,8,1,3,83,176,2,1,2,3,1,1,244,111,16,45,9,44,4,210,80,40,167,0,638,1,20,14,4,0,0,4,1,1,36,3,5,1,3,5,2,7,0,23,435,4,24,5,753,104,229531,28312,0,0,0,0,0,0,0,0,0,0,0,0,0,0,0,0,0,0,0,0,0,0,0,0,0,0,0,0,0,0,0,0,0,0,110,0,0,0,0,0,0,23,3,3,0,19,0,0,0,0,17,47916,1553,0,0,19,49663,51712,0,0,0,5345775,2999296,0
IqHpKbSLQ1J98m5sOxyt,8,92,1,2,2,3,0,1,5,66,3,2,36,2,15,1,29,20,3,1,6,9,14,466,2,1,3,1,3,1,424,203,5,10,4,9,1,33,19,77,72,1,2581,3,4,0,2,4,6,1,1,1,2,1,2,12,2,4,3,4,2,1,142,4,7,30,1967,186,28079,9008,0,0,0,0,0,0,0,0,0,0,0,0,0,0,0,0,0,0,0,0,0,0,0,0,0,0,92,0,0,4595,0,0,0,0,206,0,0,0,0,0,0,0,0,3,8923,0,0,0,0,0,0,0,0,0,0,18,13837,7936,0,0,0,976610,460288,0
A7bCyQK5X6wcgBEqI4WV,8,60,0,0,0,0,0,0,3,60,0,4,40,0,16,0,5,2,0,0,0,3,26,175,0,0,1,2,0,0,187,115,0,2,4,0,0,39,46,138,119,0,1290,2,1,1,2,0,3,0,0,0,9,0,0,5,7,0,0,0,0,9,326,2,1,4,882,230,29205,336148,0,0,0,0,0,0,0,0,0,0,0,0,0,0,0,0,0,0,0,0,0,0,0,0,0,0,0,0,0,83784,0,0,0,0,29,0,0,0,0,0,0,0,3,3,4509,0,0,0,0,0,0,0,0,0,0,20,88348,35072,0,0,0,3883068,2034176,0
gMjneCJIuS47bLXd20qK,8,33,0,0,0,8,1,1,0,72,0,2,41,0,14,0,43,28,5,0,3,4,12,373,3,0,4,0,0,0,350,144,6,9,2,11,0,32,34,62,72,1,2141,0,3,0,1,1,5,0,0,1,2,0,2,9,0,1,2,2,1,1,134,2,37,22,1477,170,33512,6972,0,0,0,0,0,0,0,0,0,0,0,0,0,0,0,0,0,0,0,0,0,0,0,0,0,0,7164,0,0,10829,0,0,0,0,208,0,0,0,0,0,0,0,0,3,8049,0,0,0,0,0,0,0,0,0,0,18,26271,7680,0,0,0,1444940,445440,0
K786iNwZCzFfscSOh5u9,7,3,0,0,0,0,0,0,0,5,0,0,159,1,0,0,11,0,0,0,0,0,3,127,0,0,0,0,0,0,4,119,0,0,0,0,0,89,7,1,2,0,77,0,0,0,1,0,0,0,0,0,0,0,0,0,0,0,0,1,0,0,368,0,0,0,19,1,104122,1451188,0,0,0,0,0,0,0,0,0,0,0,0,0,0,0,0,0,0,0,0,0,0,0,0,0,0,0,0,0,1041,0,0,0,0,0,0,0,0,0,0,0,1471,0,3,1460,33,0,0,0,0,0,0,0,0,0,17,4025,91392,0,0,0,186442,5300736,0
1gYyAWCIEbGBJaMHL0k2,8,68,1,72,0,14,1,1,2,63,2,2,101,4,16,1,50,17,1,0,2,8,16,434,2,1,5,0,0,0,400,182,5,6,3,8,1,47,19,70,71,0,2328,2,8,1,2,4,6,1,1,2,77,2,1,11,0,0,1,1,0,76,181,2,7,24,1911,175,28656,8564,0,0,0,0,0,0,0,0,0,0,0,0,0,0,0,0,0,0,0,0,0,0,0,0,0,0,0,0,0,6325,0,0,0,0,245,0,0,0,0,0,0,0,0,3,9335,0,0,0,0,0,0,0,0,0,0,18,16018,7936,0,0,92,1067674,460288,0
HYtGu34oz0UImZWDRqar,9,182,0,0,2,5,1,0,12,49,1,0,207,0,0,0,111,0,4,1,4,0,238,433,1,1,0,1,1,0,144,145,51,2,0,5,0,42,186,73,4,1,139,0,250,0,1,1,1,0,0,119,17,0,0,12,1,0,1,0,0,0,521,4,6,0,1083,174,180175,420,0,0,0,0,0,0,0,0,0,0,0,0,0,0,0,0,0,0,0,0,0,0,0,0,0,0,0,0,0,174,0,0,0,0,266,0,0,0,0,0,0,690,0,0,68945,0,0,0,0,0,0,0,0,0,0,18,70093,83200,0,0,0,8761237,4825600,0
EgTaYo2uCnZ7FrH5V9fy,9,294,0,0,0,2,0,0,2,121,0,0,282,0,0,0,43,0,2,0,0,0,94,409,0,0,0,0,0,0,251,147,104,0,0,0,0,59,175,33,1,0,131,0,304,0,1,3,4,0,0,59,4,0,0,84,0,0,0,0,0,0,640,2,0,0,907,141,29975,412,0,0,0,0,0,0,0,0,0,0,0,0,0,0,0,0,0,0,0,0,0,0,0,0,0,0,0,0,0,449,0,0,0,0,267,0,0,0,0,0,0,843,0,0,11942,0,0,0,0,0,0,0,0,0,0,18,13519,10752,0,0,0,1308441,623616,0
F58JACMhQPSYrdxqBW2p,7,1,0,0,1,0,0,0,0,0,0,0,3,0,0,0,2,0,0,0,2,0,0,2,0,0,0,0,0,0,2,0,2,3,0,0,1,2,0,0,0,1,6,0,1,0,1,0,1,1,1,0,0,0,1,1,0,0,0,0,0,0,7,0,0,1,5,0,37622,0,0,0,0,0,0,0,0,0,0,0,0,0,0,0,0,0,0,0,0,0,0,0,0,0,0,0,0,0,0,0,0,0,0,0,0,0,0,0,0,0,0,0,0,0,0,0,0,0,0,0,0,0,0,0,0,0,476426,29523,0,0,0,18328858,1712293,476426
FvEJe7LOjwDranG2tcf9,9,208,0,0,0,22,0,1,33,86,0,75,334,0,0,0,290,16,14,0,27,238,304,1111,0,4,230,0,0,0,461,598,3,0,75,17,0,188,165,366,898,0,3490,0,1,0,2,33,213,0,0,0,0,0,8,226,2,0,0,0,0,0,1293,7,2,75,5159,473,729338,2648,0,0,0,0,0,0,0,0,0,0,0,0,0,0,0,0,0,0,0,0,0,0,0,0,0,0,0,0,0,1425744,0,0,0,0,1738,0,0,0,0,0,0,2508,0,0,14903,0,0,0,0,0,0,0,0,0,0,18,1444911,93696,0,0,0,61116720,5434368,0
jwJRB9KOeGsc4ME7WXuy,6,25,0,0,0,0,0,0,2,54,0,0,57,0,1,0,23,0,4,0,0,3,33,58,0,0,1,0,0,0,75,99,0,0,0,0,0,19,95,37,10,0,313,0,0,0,1,1,5,0,0,2,11,0,0,19,0,0,0,0,0,8,300,0,0,0,355,91,21218,204,0,0,0,0,0,0,0,0,0,0,0,0,0,0,0,0,0,0,0,0,0,0,0,0,0,0,0,0,0,141549,0,0,0,0,171,0,0,0,0,0,0,402,0,3,1866,0,0,0,0,0,0,0,0,0,0,17,144008,9984,0,0,0,6304955,579072,0
2ydtPK1XCYeBqwSIcRGZ,8,611,92,114,122,5,0,0,5,194,0,239,905,75,134,0,1008,19,2,124,169,126,559,1028,2,0,122,1,1,2,421,203,3,8,239,798,1,29,18,137,71,71,2575,58,7,70,2,3,71,1,0,119,129,0,1,125,2,3,0,1,1,60,1068,4,731,30,3800,749,33675,9008,0,0,0,0,0,0,0,0,0,0,0,0,0,0,0,0,0,0,0,0,0,0,0,0,0,0,92,0,0,4595,0,0,0,0,206,0,0,0,0,0,0,0,0,3,19128,0,0,0,0,0,0,0,0,0,0,18,24042,7936,0,0,0,1445598,460288,0
K1TBRacdPrvqOXCjDw2J,8,1370,20,1,3,168,2,0,27,1754,0,31,3410,3,61,0,820,70,186,2,0,231,2732,4091,0,39,133,6,4,1,4430,3771,76,4,33,594,0,1472,1681,2291,707,1,14926,6,130,0,43,23,233,0,3206,84,274,0,5,382,400,0,0,2,1,110,9975,12,212,152,16073,2548,329472,1016,0,0,0,0,0,0,0,0,0,0,0,0,0,0,0,0,0,0,0,0,0,0,0,0,0,0,0,0,0,260572,0,0,0,0,922,0,0,0,0,0,0,111914,3,3,101254,0,0,0,0,0,0,0,0,0,0,20,474688,50432,0,0,0,20854055,2925056,0
BUGAnop1NDYTh0txE8d6,8,69,1,0,0,14,0,0,2,62,2,4,29,0,16,0,51,16,0,0,2,6,16,417,0,0,3,1,0,0,393,180,5,10,4,6,0,28,16,70,67,0,2318,0,9,1,1,5,7,0,1,0,4,4,0,11,1,0,0,1,1,2,174,4,4,25,1828,173,28500,8564,0,0,0,0,0,0,0,0,0,0,0,0,0,0,0,0,0,0,0,0,0,0,0,0,0,0,0,0,0,6325,0,0,0,0,245,0,0,0,0,0,0,0,0,3,8420,0,0,0,0,0,0,0,0,0,0,18,15103,7936,0,0,92,1027108,460288,0
IwgVeC9qRbUkfE6Q3HTh,7,0,0,0,0,0,0,0,0,0,0,0,2,0,0,0,1,0,0,0,0,0,0,1,0,0,0,0,1,0,0,1,0,1,0,0,0,1,0,1,0,0,5,0,0,0,1,0,0,0,0,0,0,0,0,0,0,0,0,0,0,0,2,0,0,0,1,1,57396,0,0,0,0,0,0,0,0,0,0,0,0,0,0,0,0,0,0,0,0,0,0,0,0,0,0,0,0,0,0,0,0,0,0,0,0,0,0,0,0,0,0,0,0,0,0,0,0,0,0,0,0,0,0,0,0,0,711776,44231,0,0,0,27258935,2565372,711776
jqIy4VhtwkTvFlZLYHAa,6,816,13,12,3,12,24,7,3,96,19,35,458,15,21,11,200,24,19,3,8,37,228,504,15,5,21,13,17,12,311,219,90,152,40,175,13,983,91,103,241,3,1516,13,129,10,14,3,16,13,14,20,30,23,21,30,22,13,12,22,2,18,638,27,144,24,1503,322,56144,16272,0,0,0,0,0,0,0,0,0,0,0,0,0,0,0,0,0,0,0,0,0,0,0,0,0,0,0,0,0,0,0,0,0,0,252,0,0,0,0,0,0,0,3,3,0,0,0,0,0,0,17,91126,1553,0,0,17,92971,39680,0,0,0,6184249,2301440,0
gVOE7DmPnKrA2Yj5Fz41,6,13,0,0,1,5,0,0,9,2,1,0,22,1,0,0,147,0,7,0,4,0,5,99,1,0,0,0,0,0,64,50,0,3,0,4,0,47,7,1,3,1,274,0,1,0,2,5,1,0,0,0,0,0,11,1,0,2,0,0,0,0,1783,0,5,0,426,6,110544,276516,0,0,0,0,0,0,0,0,0,0,0,0,0,0,0,0,0,0,0,0,0,0,0,0,0,0,465,0,0,0,0,0,0,0,856,0,0,0,0,0,0,4112,0,3,5020,0,0,0,0,0,0,0,0,0,0,17,10473,28160,0,0,0,715278,1633280,0
cM2qiXmpHhuag3r1RUIe,4,30,1,1,8,18,39,0,1,42,0,34,228,1,2,0,86,27,39,2,67,7,28,63,0,0,3,37,0,0,90,45,74,32,35,23,0,57,16,10,266,0,324,0,10,0,14,0,0,0,9,10,2,0,1,0,47,2,26,34,0,1,328,37,117,13,481,120,13870,31288,0,0,0,0,0,0,0,0,0,0,0,0,0,0,0,0,0,0,0,0,0,0,0,0,0,0,0,0,0,32949,0,3,0,0,3,0,0,0,0,0,0,55313,0,3,3090,0,0,0,0,0,0,0,0,0,0,17,91378,8448,0,0,0,3789723,489984,0
k2uRGpoUItiWrTga9ysQ,4,18,0,2,2,17,31,0,1,39,0,25,220,1,0,0,78,27,30,2,54,3,39,71,0,0,2,28,0,0,135,67,64,34,25,28,0,56,23,12,263,0,274,0,8,0,15,0,0,0,9,1,3,0,1,0,34,3,16,25,0,1,437,28,95,16,446,99,21065,95800,0,0,0,0,0,0,0,0,0,0,0,0,0,0,0,0,0,0,0,0,0,0,0,0,0,0,0,0,0,31805,0,3,0,0,3,0,0,0,0,0,0,95760,0,3,3298,0,0,0,0,0,0,0,0,0,0,17,130889,15104,0,0,0,5318580,876032,0
kN2FUugrtwA3nhWd7bBT,7,3,0,0,0,0,0,0,0,5,0,0,83,1,0,0,11,0,0,0,0,0,2,130,0,0,0,0,0,0,2,119,0,0,0,0,0,89,4,0,1,0,71,0,0,0,1,0,0,0,0,0,0,0,0,0,0,0,0,1,0,0,295,0,0,0,16,1,104298,1451188,0,0,0,0,0,0,0,0,0,0,0,0,0,0,0,0,0,0,0,0,0,0,0,0,0,0,0,0,0,1041,0,0,0,0,0,0,0,0,0,0,0,1471,0,3,1284,33,0,0,0,0,0,0,0,0,0,17,3849,91392,0,0,0,178509,5300736,0
02mlBLHZTDFXGa7Nt6cr,6,56,10,0,3,0,1,1,0,9,1,2,60,0,9,0,27,0,1,4,1,5,65,119,0,0,5,1,0,0,122,54,5,8,2,15,1,42,44,11,36,6,292,3,7,10,4,0,10,1,0,7,14,1,0,18,0,1,1,1,0,5,185,1,7,1,514,46,44597,25352,0,0,0,0,0,0,0,0,0,0,0,0,0,0,0,0,0,0,0,0,0,0,0,0,0,0,0,0,0,0,0,0,0,0,176,0,0,0,0,0,0,23,3,3,0,19,0,0,0,0,17,9975,1553,0,0,17,11786,10752,0,0,0,1085462,623616,0
euYJQIOhtv8FlApXdo63,6,139,5,17,9,23,18,6,1,6,14,30,244,9,10,8,177,26,16,5,0,7,161,245,9,3,4,20,19,11,500,100,84,155,39,160,15,875,80,13,1067,5,755,6,123,4,13,6,8,15,15,2,11,5,10,14,10,14,11,14,5,5,488,30,155,10,2195,170,285181,12172,0,0,0,0,0,0,0,0,0,0,0,0,0,0,0,0,0,0,0,0,0,0,0,0,0,0,0,0,0,0,0,0,0,0,252,0,0,0,0,0,0,0,3,3,0,0,0,0,0,0,21,124100,1531,0,0,19,125929,64768,0,0,0,9132074,3756544,0
IuDWhwfPcYTK3LBovO5d,4,68,2,6,2,4,7,20,2,18,5,7,688,5,3,10,142,2,12,0,0,7,101,207,122,22,2,3,27,7,266,33,19,108,7,136,11,58,31,19,1337,4,517,4,25,5,19,2,0,11,27,3,9,4,14,2,5,12,6,2,2,5,870,6,97,19,1229,124,17468,110632,0,0,0,0,0,0,0,0,0,0,0,0,0,0,0,0,0,0,0,0,0,0,0,0,0,0,0,0,0,74769,0,0,0,0,40,0,0,0,0,0,0,1040,0,0,13174,0,0,0,0,0,0,0,0,0,0,17,89040,13312,0,0,0,4144758,772096,0
2oPaLFU6SQDdZ45Wu0EB,6,53,2,2,4,5,4,3,1,5,2,13,77,4,3,1,72,6,17,4,7,6,69,115,5,0,3,3,2,1,88,35,27,44,16,48,2,222,40,3,29,2,256,3,36,4,8,2,3,2,4,2,11,4,7,8,11,6,6,5,1,6,173,8,41,13,457,49,28592,11148,0,0,0,0,0,0,0,0,0,0,0,0,0,0,0,0,0,0,0,0,0,0,0,0,0,0,0,0,0,0,0,0,0,0,248,0,0,0,0,0,0,0,3,3,0,0,0,0,0,0,17,24585,1553,0,0,17,26426,14080,0,0,0,1778809,816640,0
I8GxNTCH0XVoJ6FamwBD,6,71,0,5,0,6,1,2,1,30,3,8,152,2,29,3,72,5,2,27,0,2,126,167,5,1,1,2,5,3,206,86,25,45,10,53,4,258,78,36,191,0,705,1,18,31,5,3,0,4,4,2,56,5,5,0,3,0,5,8,2,27,533,7,39,4,1046,130,302950,135572,0,0,0,0,0,0,0,0,0,0,0,0,0,0,0,0,0,0,0,0,0,0,0,0,0,0,0,0,0,0,0,0,0,0,252,0,0,0,0,0,0,23,3,3,0,19,0,0,0,0,17,60517,1554,0,0,17,62405,72704,0,0,0,6861082,4216832,0
FsCzyGSN5qLRDgxh81if,7,2,0,0,0,0,0,0,0,7,0,0,83,1,0,0,11,0,0,0,0,0,2,129,0,0,0,0,0,0,3,119,0,0,0,0,0,87,2,2,1,0,68,0,0,0,1,1,0,0,0,0,0,0,0,0,0,0,0,1,0,0,296,0,0,0,19,1,103820,1451188,0,0,0,0,0,0,0,0,0,0,0,0,0,0,0,0,0,0,0,0,0,0,0,0,0,0,0,0,0,1041,0,0,0,0,0,0,0,0,0,0,0,1459,0,3,1277,33,0,0,0,0,0,0,0,0,0,17,3830,91392,0,0,0,177600,5300736,0
2WBAlcgeu4zZbTNy713v,4,11,3,0,2,4,1,5,5,2,2,5,31,0,0,0,37,1,4,0,9,1,16,49,2,0,0,0,6,1,37,30,11,12,5,23,0,7,7,6,43,3,52,0,7,0,5,0,1,0,4,0,7,0,0,3,2,0,1,0,0,3,129,4,16,2,172,14,47400,352924,0,0,0,0,0,0,0,0,0,0,0,0,0,0,0,0,0,0,0,0,0,0,0,0,0,0,0,0,0,263696,0,0,0,0,103,0,0,0,0,0,0,19419,0,3,1157,0,0,0,0,0,0,0,0,0,0,17,284395,40192,0,0,0,12294670,2331136,0
FW5OMytiahRcIBfLJD9X,7,2,0,0,0,0,0,0,0,6,0,0,82,1,0,0,11,0,0,0,0,0,2,127,0,0,0,0,0,0,3,119,0,0,0,0,0,87,5,2,1,0,65,0,0,0,1,1,0,0,0,0,0,0,0,0,0,0,0,1,0,0,299,0,0,0,18,1,87989,1234612,0,0,0,0,0,0,0,0,0,0,0,0,0,0,0,0,0,0,0,0,0,0,0,0,0,0,0,0,0,1039,0,0,0,0,0,0,0,0,0,0,0,1459,0,3,1266,33,0,0,0,0,0,0,0,0,0,17,3817,77824,0,0,0,176482,4513792,0
h91pBdZvGIuYe3Fqcn4M,4,65,0,3,0,2,0,0,4,20,0,0,162,3,0,0,87,0,3,0,0,0,321,279,0,0,0,0,0,0,481,41,1,57,1,77,0,10,82,18,54,0,445,0,0,0,6,2,0,0,0,0,2,0,0,0,6,0,0,0,0,0,494,0,6,4,559,22,13999,79008,0,0,0,0,0,0,0,0,0,0,0,0,0,0,0,0,0,0,0,0,0,0,0,0,0,0,0,2726,0,75794,0,0,0,0,105,0,0,0,0,0,0,305,0,0,639,0,0,0,0,0,0,0,0,0,0,17,79586,10496,0,0,0,3520545,608768,0
4fYojiJ3XwcILTA6KlWu,7,6,0,0,0,0,0,0,0,3,0,0,79,0,0,0,28,0,0,0,0,0,3,77,0,0,0,0,0,0,4,119,0,0,0,0,0,40,5,2,32,0,66,0,0,0,1,1,0,0,0,0,0,0,0,0,0,0,0,1,0,0,195,0,0,0,17,1,89019,1246388,0,0,0,0,0,0,0,0,0,0,0,0,0,0,0,0,0,0,33,0,0,0,0,0,0,0,0,0,0,1039,0,0,0,0,0,0,0,0,0,0,0,1469,0,3,1119,0,0,0,0,0,0,0,0,0,0,17,3680,78592,0,0,0,171107,4558336,0
CmkrzR9pL7siO10q35IM,4,50,4,8,5,14,8,12,2,18,9,10,659,5,5,8,108,3,14,3,0,7,95,184,120,21,1,1,26,11,247,32,22,89,13,104,4,54,46,16,1221,3,460,6,28,0,22,0,1,4,25,4,14,2,8,1,3,11,8,2,0,9,831,5,85,16,1151,107,15813,87596,0,0,0,0,0,0,0,0,0,0,0,0,0,0,0,0,0,0,0,0,0,0,0,0,0,0,0,0,0,73744,0,0,0,0,42,0,0,0,0,0,0,1040,0,0,12310,0,0,0,0,0,0,0,0,0,0,17,87153,11776,0,0,0,4046698,683008,0
hXkf7nxQJEItSC95GDad,4,61,1,3,0,2,0,0,2,20,0,0,172,3,0,0,72,1,3,0,0,2,306,294,0,0,1,0,0,0,502,41,0,50,1,64,0,18,70,18,56,0,412,0,0,0,5,0,0,0,2,0,2,0,1,0,6,0,0,0,0,0,516,0,7,3,559,27,15410,103068,0,0,0,0,0,0,0,0,0,0,0,0,0,0,0,0,0,0,0,0,0,0,0,0,0,0,0,2801,0,80914,0,0,0,0,103,0,0,0,0,0,0,296,0,0,561,0,0,0,0,0,0,0,0,0,0,17,84692,12288,0,0,0,3742267,712704,0
aKQpObrHFW6ymA2uwdXP,7,11,0,0,0,0,0,0,0,8,0,0,79,0,0,0,19,0,0,0,0,0,3,63,0,0,0,0,0,0,3,119,0,0,0,0,0,40,7,2,31,0,63,0,0,0,1,1,0,0,0,0,0,0,0,0,0,0,0,1,0,0,213,0,0,0,22,1,97954,1377460,0,0,0,0,0,0,0,0,0,0,0,0,0,0,0,0,0,0,33,0,0,0,0,0,0,0,0,0,0,1039,0,0,0,0,0,0,0,0,0,0,0,1457,0,3,1116,0,0,0,0,0,0,0,0,0,0,17,3665,86784,0,0,0,171416,5033472,0
D2TGLaizwXHf3YjNJ1pv,4,59,1,3,4,12,32,0,7,47,3,30,249,17,0,0,121,28,29,1,66,2,58,95,22,0,2,30,0,1,166,88,93,55,38,52,21,51,24,15,327,15,406,0,28,13,10,0,1,21,22,6,3,0,0,1,50,1,19,31,0,1,645,32,160,19,593,141,10809,12964,0,0,0,0,0,0,0,0,0,0,0,0,0,0,0,0,0,0,0,0,0,0,0,0,0,0,0,0,0,26513,0,3,0,0,3,0,0,0,0,0,0,16913,0,3,3279,0,0,0,0,0,0,0,0,0,0,17,46731,4864,0,0,0,2077786,282112,0
6Ij39ZnpNmcdKOUe0BvY,4,24,1,1,6,10,49,0,1,57,0,36,273,0,0,0,119,35,32,3,90,3,38,68,0,0,1,43,0,0,130,65,100,33,37,36,0,70,17,7,265,0,378,0,14,0,11,4,0,0,11,7,3,0,3,0,48,2,24,39,4,1,478,43,130,13,521,143,21432,96312,0,0,0,0,0,0,0,0,0,0,0,0,0,0,0,0,0,0,0,0,0,0,0,0,0,0,0,0,0,27344,0,3,0,0,3,0,0,0,0,0,0,96251,0,3,3466,0,0,0,0,0,0,0,0,0,0,17,127087,15104,0,0,0,5165674,876032,0
BxPFmVlCKJpDQzIZcEAs,7,2,0,0,0,0,0,0,0,11,0,0,81,1,0,0,11,0,0,0,0,0,2,122,0,0,0,0,0,0,3,119,0,0,0,0,0,87,5,2,1,0,69,0,0,0,1,1,0,0,0,0,0,0,0,0,0,0,0,1,0,0,285,0,0,0,22,1,102441,1451188,0,0,0,0,0,0,0,0,0,0,0,0,0,0,0,0,0,0,0,0,0,0,0,0,0,0,0,0,0,1041,0,0,0,0,0,0,0,0,0,0,0,1470,0,3,1264,33,0,0,0,0,0,0,0,0,0,17,3828,91392,0,0,0,177615,5300736,0
Fiq2TudjL5KZAoBScWvJ,7,8,0,0,0,0,0,0,0,7,0,0,80,0,0,0,21,0,0,0,0,0,3,69,0,0,0,0,0,0,4,119,0,0,0,0,0,41,5,2,31,0,59,0,0,0,1,0,0,0,0,0,0,0,0,0,0,0,0,1,0,0,212,0,0,0,22,1,90016,1246388,0,0,0,0,0,0,0,0,0,0,0,0,0,0,0,0,0,0,33,0,0,0,0,0,0,0,0,0,0,1039,0,0,0,0,0,0,0,0,0,0,0,1469,0,3,1105,0,0,0,0,0,0,0,0,0,0,17,3666,78592,0,0,0,170082,4558336,0
L2QwdUyG0HISDVk8rcsE,7,66,0,0,0,0,0,0,3,215,0,0,15,1,0,0,57,0,2,0,17,0,97,6,0,2,0,0,0,0,8,9,0,0,0,3,0,7,70,209,45,0,719,0,0,0,3,2,0,0,0,0,0,0,0,0,1,0,0,1,0,0,26,0,2,0,764,281,232168,497992,0,0,0,0,0,0,0,0,0,0,0,0,0,0,0,0,0,0,0,0,0,0,0,0,0,0,0,0,0,435,0,0,0,0,242,0,0,0,0,0,0,279048,3,3,24907,0,0,0,0,0,0,0,0,0,0,17,304655,92160,0,0,0,13418079,5345280,0
iOj4fAeuRb92FNIzQoDt,7,3,0,0,0,0,0,0,0,7,0,0,83,1,0,0,11,0,0,0,0,0,3,133,0,0,0,0,0,0,3,119,0,0,0,0,0,89,4,0,1,0,65,0,0,0,1,0,0,0,0,0,0,0,0,0,0,0,0,1,0,0,284,0,0,0,18,1,103165,1451188,0,0,0,0,0,0,0,0,0,0,0,0,0,0,0,0,0,0,0,0,0,0,0,0,0,0,0,0,0,1041,0,0,0,0,0,0,0,0,0,0,0,1471,0,3,1263,33,0,0,0,0,0,0,0,0,0,17,3828,91392,0,0,0,177643,5300736,0
cRsXVg26e15oik7JNjE9,7,77,0,1,0,21,0,0,19,198,0,0,19,0,0,0,210,0,12,1,0,0,100,9,2,1,0,0,0,0,12,9,3,1,0,6,0,7,54,236,385,0,773,0,1,0,2,3,0,0,0,0,0,0,0,0,1,0,0,6,0,0,21,0,2,0,1146,295,363769,440696,0,0,0,0,0,0,0,0,0,0,0,0,0,0,0,0,0,0,0,0,0,0,0,0,0,0,0,0,0,184748,0,0,0,0,1157,0,0,0,0,0,0,215560,3,3,35846,0,0,0,0,0,0,0,0,0,0,17,437334,93184,0,0,0,20441025,5404672,0
asKPnzUXjShMc0Tl6Wge,5,44,0,0,0,33,2,0,0,27,0,26,155,0,6,0,85,0,35,0,3,1,51,265,0,0,0,1,0,5,244,200,0,6,26,59,0,31,86,17,0,2,744,0,0,0,2,3,2,0,0,3,12,0,0,2,11,1,0,0,0,7,441,1,53,25,955,31,47609,323012,0,0,0,0,0,115215,0,0,0,0,108545,0,0,0,0,0,0,0,0,0,0,0,0,0,0,0,0,0,0,5765,0,3492,0,0,496,0,0,0,0,0,0,570,0,3,3603,0,0,0,0,0,0,0,0,0,0,17,237706,36096,0,0,0,9574083,2093568,0
BKXtxeYlLsprabEWIQhn,5,205,0,0,0,4,0,1,1,123,0,184,174,0,22,0,134,9,13,0,6,112,37,318,0,2,84,100,0,0,408,351,0,0,185,48,0,95,315,111,339,0,2619,0,4,1,14,0,6,0,0,22,34,0,1,41,14,0,0,0,0,16,670,100,25,11,1862,403,45687,54044,0,0,0,0,0,0,0,0,0,0,0,0,0,0,0,0,0,0,0,0,0,0,0,0,0,0,0,0,0,222865,0,0,0,0,295,0,0,0,0,5865,0,751,0,3,3918,0,0,0,0,0,0,0,0,0,0,19,233716,21248,0,0,0,10278860,1232384,0
3m8kb5ILPrHcMC1o9Nht,5,69,0,0,0,32,0,0,0,22,0,17,290,0,1,0,97,0,38,0,0,0,67,290,0,2,0,0,0,0,222,110,0,4,17,73,0,32,65,30,0,0,665,1,3,0,4,2,2,0,0,0,2,0,0,2,14,0,0,0,0,0,416,0,79,21,1026,30,90597,923320,1552,0,0,0,527,0,0,0,0,0,0,0,93199,123407,0,0,0,2063,0,3083,0,0,0,0,0,0,0,0,0,6355,0,0,0,0,149,0,0,527,0,0,0,312,0,3,3367,0,0,0,0,0,0,0,0,0,0,19,234563,73216,0,0,0,10062140,4246528,0
GkMBlvTidr5oyYOVJCwc,5,30,0,0,0,22,0,0,5,24,0,17,90,0,0,0,83,0,25,0,2,1,56,262,0,1,1,0,0,0,213,90,0,4,17,37,0,22,74,6,2,1,727,1,1,2,3,5,0,0,0,0,0,0,1,0,18,0,0,1,0,0,332,0,35,30,578,21,118310,1296936,0,0,0,0,0,0,0,0,0,0,0,0,0,0,0,0,0,0,0,0,0,0,0,0,0,0,0,0,0,10525,0,15,0,0,0,0,0,0,0,0,0,7162,0,3,2695,0,0,0,0,0,0,0,0,0,0,19,20419,97536,0,0,0,935789,5657088,0
F6nOrb9ipd0SskWuJjUw,5,31,0,0,0,27,0,0,2,15,1,27,85,0,0,0,77,0,22,0,2,1,71,263,0,1,0,0,0,0,213,93,0,2,27,37,0,28,80,16,3,0,740,1,1,0,4,1,0,0,0,0,1,0,0,0,24,1,0,0,0,0,364,0,37,23,646,21,52423,370636,0,0,0,0,0,0,0,0,0,0,0,0,0,0,0,0,0,0,0,0,0,0,0,0,0,0,0,0,0,0,0,0,0,22080,0,0,0,0,0,0,0,111121,0,3,0,0,0,0,0,0,0,111120,0,0,0,19,244343,39680,0,0,0,9799927,2301440,0
Hc5LqZVK2yzlsb8BEfdO,5,28,0,0,0,39,0,0,8,35,1,20,140,0,2,0,91,0,35,0,3,0,80,287,0,0,0,0,1,0,217,94,1,4,20,55,0,28,86,18,1,1,829,0,4,1,5,0,0,0,0,5,9,0,1,0,27,0,0,0,0,5,364,0,52,37,2425,27,157490,1898320,0,0,2064,0,0,0,0,4112,527,0,0,0,0,0,0,0,0,0,0,0,3093,0,0,0,0,0,0,0,0,5615,0,6,0,0,242,0,0,0,0,0,0,5126,0,3,3442,0,4117,0,0,0,0,0,0,0,0,17,28364,135424,0,0,0,1236656,7854592,0
idjesBrKybwkzPXMalUL,5,20,0,0,0,0,0,0,7,20,0,6,27,0,5,0,67,0,8,0,0,1,25,66,0,1,1,0,0,0,65,62,0,0,7,3,0,23,24,34,49,0,460,0,2,0,9,6,0,0,0,0,3,0,1,0,5,0,0,0,0,1,110,1,0,3,516,53,167923,2048548,0,0,0,0,0,0,0,0,0,0,0,0,0,0,0,0,0,0,0,0,0,0,0,0,0,0,0,1521,0,241626,0,0,0,0,399,0,0,0,0,0,0,641,0,0,220,0,0,0,0,0,0,0,0,0,0,19,244426,144640,0,0,0,10675851,8389120,0
cIojVJGQOtrL0S1ApeDY,5,36,0,0,0,35,0,0,6,19,0,26,158,0,3,0,137,0,39,0,6,0,61,307,0,2,0,0,0,1,227,282,1,3,26,57,1,39,66,19,2,0,801,0,1,0,3,9,1,1,0,6,12,0,0,1,23,0,0,0,0,7,532,1,54,36,1080,27,43570,216780,0,0,0,0,0,0,106511,0,0,0,0,0,0,0,0,0,0,0,0,0,0,0,0,0,0,0,0,0,117263,5401,0,3,0,0,754,0,0,0,0,0,0,1278,0,3,3971,0,0,0,0,0,0,0,0,0,0,17,235201,30208,0,0,0,9544217,1752064,0
i8WIr0dtVHSGMmwFlcUY,5,42,3,0,0,39,0,0,2,25,0,31,128,0,4,0,73,0,31,0,0,0,58,299,0,0,0,0,0,0,228,104,0,2,31,50,0,31,94,17,1,1,720,0,1,0,1,5,1,0,0,8,8,1,0,1,19,0,0,0,0,1,396,0,54,36,844,29,58974,477988,0,0,0,0,0,0,0,0,0,0,0,0,0,0,0,0,0,0,0,0,0,110608,0,0,0,0,0,0,0,6768,0,0,0,0,251,0,110087,0,0,0,0,9485,3,3,3265,0,0,0,0,0,0,0,0,0,0,17,240487,46080,0,0,0,10130536,2672640,0
hrguW0CqMt2mJdfvX8IB,5,152,1,0,2,77,1,1,5,89,2,16,350,2,38,0,153,0,76,1,6,5,175,361,1,16,5,1,2,2,338,398,22,15,16,111,1,113,115,128,71,2,1342,2,13,1,1,7,5,1,3,29,62,0,1,5,11,1,3,1,1,33,1229,1,100,14,2240,152,47038,480764,0,385,0,0,0,0,0,0,0,0,0,0,0,0,0,0,1051,0,0,0,0,0,1884,0,0,16,0,0,0,63380,0,0,0,0,331,399,0,0,0,0,0,525,0,3,6229,0,0,1040,2064,0,0,0,0,0,0,17,77324,35840,0,0,0,3493443,2078720,0
e2r6IncxE1LQOKFGgphj,5,30,0,0,0,25,0,0,0,23,0,19,109,0,2,0,48,0,31,0,0,0,41,237,0,1,0,0,1,0,178,97,1,2,19,43,0,19,63,26,1,0,659,0,2,0,1,5,0,0,0,4,6,0,0,1,18,0,0,2,0,4,277,0,42,27,626,16,130026,1493588,0,0,0,3074,0,0,0,0,0,0,0,0,0,0,0,1555,0,0,0,0,0,0,0,3087,0,0,0,0,0,9558,0,9,0,0,92,0,0,0,4616,0,0,439,0,3,2563,0,0,0,0,0,0,0,0,0,0,17,25013,110080,0,0,0,1104329,6384640,0
epLciPaHrTu1gl4CW7Uf,5,21,0,0,1,35,0,0,0,17,0,14,95,0,4,0,51,1,29,0,0,0,61,264,0,4,0,0,0,0,181,95,0,2,14,44,0,25,84,26,0,0,649,0,3,1,3,2,0,0,0,6,5,0,0,0,15,0,0,0,0,3,355,0,45,35,750,20,92956,895688,0,0,0,0,0,0,0,0,0,0,0,0,0,0,0,0,0,0,0,0,0,0,0,0,0,0,0,0,0,8176,0,6,0,101903,141,0,0,0,0,0,0,765,0,3,117504,0,0,0,0,0,0,0,0,0,0,19,228517,71680,0,0,0,9486285,4157440,0
4UTMdcZkxzLvwygO8EuK,5,25,0,0,0,0,0,0,7,15,0,0,16,0,4,0,97,0,17,0,0,1,17,17,0,0,1,1,0,0,19,49,0,0,1,2,0,12,10,20,32,0,174,0,0,0,9,7,0,0,0,0,1,0,1,1,2,0,0,0,0,1,49,4,0,1,447,33,167665,2052704,0,0,0,0,0,0,0,0,0,0,0,0,0,0,0,0,0,0,0,0,0,0,0,0,0,0,0,757,0,241468,0,0,0,0,443,0,0,0,0,0,0,719,0,0,208,0,0,0,0,0,0,0,0,0,0,19,243614,144896,0,0,0,10640256,8403968,0
dKcE7Q1zuFViSaDRUtxY,5,25,0,0,1,25,0,0,2,28,0,18,102,0,2,0,80,0,29,0,2,0,58,228,0,0,0,0,0,0,197,73,0,2,18,47,0,24,70,10,1,1,667,0,2,0,1,0,0,0,0,2,4,0,2,0,13,1,0,1,0,2,326,1,30,27,769,14,91047,861532,0,0,0,0,0,0,0,0,0,2067,0,3600,0,0,2066,0,0,0,0,0,0,0,0,0,16,0,0,0,0,7167,0,6,16,0,240,0,0,0,0,0,0,882,0,3,2839,0,0,0,0,0,0,7696,0,0,0,19,26617,69376,0,0,0,1193955,4023808,0
